Timestamp,ท่านกำลังศึกษาอยู่คณะใด,ชั้นปีที่กำลังศึกษาอยู่,โปรดระบุเพศ,รายได้ต่อเดือน,ท่านพักอยู่ที่ใด,ในหนึ่งวันท่านรับประทานอาหารในช่วงเวลาไหนบ้าง,โดยปกติแล้วท่านซื้ออาหารจากโรงอาหารหรือไม่,ท่านรับประทานอาหารที่โรงอาหารในช่วงเวลาใดบ้าง,โดยเฉลี่ยแล้วท่านอยู่ในมหาวิทยาลัยท่านรับประทานอาหารที่โรงอาหารวันละกี่มื้อ,เมนูที่ท่านเลือกซื้อเป็นประจำ,โรงอาหารที่ท่านใช้บริการเป็นประจำ,ในหนึ่งมื้อท่านมีค่าใช้จ่ายประมาณเท่าไร,ปัจจัยที่ท่านใช้ในการเลือกซื้ออาหารในโรงอาหารมหาวิทยาลัย,ความพึงพอใจต่อโรงอาหาร Green canteen  [ด้านราคา],ความพึงพอใจต่อโรงอาหาร Green canteen  [ด้านคุณภาพอาหาร],ความพึงพอใจต่อโรงอาหาร Green canteen  [ด้านความหลากหลาย],ความพึงพอใจต่อโรงอาหาร Green canteen  [ความคุ้มค่า ],ความพึงพอใจต่อโรงอาหาร Green canteen  [ความสะอาด],ความพึงพอใจต่อโรงอาหาร Green canteen  [ทำเลที่ตั้ง (ความสะดวกในการเดินทาง)],ความพึงพอใจต่อโรงอาหาร Green canteen  [ความถี่ในการเข้าไปใช้บริการ],ความพึงพอใจต่อโรงอาหาร Green canteen  [ความสะดวกสะบาย (ที่เติมน้ำ ที่เก็บจาน ที่ล้างช้อน-ซ้อม ฯลฯ)],ความพึงพอใจต่อโรงอาหาร Green canteen  [บรรยากาศ (เสียง กลิ่น อุณหภูมิ ฯลฯ)],ร้านในโรงอาหาร Green canteen ที่ท่านใช้บริการเป็นประจำ,ข้อเสนอแนะแก่โรงอาหาร Green,ความพึงพอใจต่อโรงอาหาร SC [ด้านราคา],ความพึงพอใจต่อโรงอาหาร SC [ด้านคุณภาพอาหาร],ความพึงพอใจต่อโรงอาหาร SC [ด้านความหลากหลาย],ความพึงพอใจต่อโรงอาหาร SC [ความคุ้มค่า ],ความพึงพอใจต่อโรงอาหาร SC [ความสะอาด],ความพึงพอใจต่อโรงอาหาร SC [ทำเลที่ตั้ง (ความสะดวกในการเดินทาง)],ความพึงพอใจต่อโรงอาหาร SC [ความถี่ในการเข้าไปใช้บริการ],ความพึงพอใจต่อโรงอาหาร SC [ความสะดวกสะบาย (ที่เติมน้ำ ที่เก็บจาน ที่ล้างช้อน-ซ้อม ฯลฯ)],ความพึงพอใจต่อโรงอาหาร SC [บรรยากาศ (เสียง กลิ่น อุณหภูมิ ฯลฯ)],ร้านในโรงอาหาร SC ที่ท่านใช้บริการเป็นประจำ,ข้อเสนอแนะแก่โรงอาหาร SC,ความพึงพอใจต่อโรงอาหาร JC [ด้านราคา],ความพึงพอใจต่อโรงอาหาร JC [ด้านคุณภาพอาหาร],ความพึงพอใจต่อโรงอาหาร JC [ด้านความหลากหลาย],ความพึงพอใจต่อโรงอาหาร JC [ความคุ้มค่า ],ความพึงพอใจต่อโรงอาหาร JC [ความสะอาด],ความพึงพอใจต่อโรงอาหาร JC [ทำเลที่ตั้ง (ความสะดวกในการเดินทาง)],ความพึงพอใจต่อโรงอาหาร JC [ความถี่ในการเข้าไปใช้บริการ],ความพึงพอใจต่อโรงอาหาร JC [ความสะดวกสะบาย (ที่เติมน้ำ ที่เก็บจาน ที่ล้างช้อน-ซ้อม ฯลฯ)],ความพึงพอใจต่อโรงอาหาร JC [บรรยากาศ (เสียง กลิ่น อุณหภูมิ ฯลฯ)],ร้านในโรงอาหาร JC ที่ท่านใช้บริการเป็นประจำ,ข้อเสนอแนะแก่โรงอาหาร JC,ความพึงพอใจต่อโรงอาหารทิวสนโดม [ด้านราคา],ความพึงพอใจต่อโรงอาหารทิวสนโดม [ด้านคุณภาพอาหาร],ความพึงพอใจต่อโรงอาหารทิวสนโดม [ด้านความหลากหลาย],ความพึงพอใจต่อโรงอาหารทิวสนโดม [ความคุ้มค่า ],ความพึงพอใจต่อโรงอาหารทิวสนโดม [ความสะอาด],ความพึงพอใจต่อโรงอาหารทิวสนโดม [ทำเลที่ตั้ง (ความสะดวกในการเดินทาง)],ความพึงพอใจต่อโรงอาหารทิวสนโดม [ความถี่ในการเข้าไปใช้บริการ],ความพึงพอใจต่อโรงอาหารทิวสนโดม [ความสะดวกสะบาย (ที่เติมน้ำ ที่เก็บจาน ที่ล้างช้อน-ซ้อม ฯลฯ)],ความพึงพอใจต่อโรงอาหารทิวสนโดม [บรรยากาศ (เสียง กลิ่น อุณหภูมิ ฯลฯ)],ร้านในโรงอาหารทิวสนโดมที่ท่านใช้บริการเป็นประจำ,ข้อเสนอแนะแก่โรงอาหารทิวสนโดม,ความพึงพอใจต่อโรงอาหารคณะวิทยาศาสตร์  [ด้านราคา],ความพึงพอใจต่อโรงอาหารคณะวิทยาศาสตร์  [ด้านคุณภาพอาหาร],ความพึงพอใจต่อโรงอาหารคณะวิทยาศาสตร์  [ด้านความหลากหลาย],ความพึงพอใจต่อโรงอาหารคณะวิทยาศาสตร์  [ความคุ้มค่า ],ความพึงพอใจต่อโรงอาหารคณะวิทยาศาสตร์  [ความสะอาด],ความพึงพอใจต่อโรงอาหารคณะวิทยาศาสตร์  [ทำเลที่ตั้ง (ความสะดวกในการเดินทาง)],ความพึงพอใจต่อโรงอาหารคณะวิทยาศาสตร์  [ความถี่ในการเข้าไปใช้บริการ],ความพึงพอใจต่อโรงอาหารคณะวิทยาศาสตร์  [ความสะดวกสะบาย (ที่เติมน้ำ ที่เก็บจาน ที่ล้างช้อน-ซ้อม ฯลฯ)],ความพึงพอใจต่อโรงอาหารคณะวิทยาศาสตร์  [บรรยากาศ (เสียง กลิ่น อุณหภูมิ ฯลฯ)],ร้านในโรงอาหารคณะวิทยาศาสตร์ที่ท่านใช้บริการเป็นประจำ,ข้อเสนอแนะแก่โรงอาหารคณะวิทยาศาสตร์ ,ความพึงพอใจต่อโรงอาหารคณะวิศวกรรม [ด้านราคา],ความพึงพอใจต่อโรงอาหารคณะวิศวกรรม [ด้านคุณภาพอาหาร],ความพึงพอใจต่อโรงอาหารคณะวิศวกรรม [ด้านความหลากหลาย],ความพึงพอใจต่อโรงอาหารคณะวิศวกรรม [ความคุ้มค่า],ความพึงพอใจต่อโรงอาหารคณะวิศวกรรม [ความสะอาด],ความพึงพอใจต่อโรงอาหารคณะวิศวกรรม [ทำเลที่ตั้ง (ความสะดวกในการเดินทาง)],ความพึงพอใจต่อโรงอาหารคณะวิศวกรรม [ความถี่ในการเข้าไปใช้บริการ],ความพึงพอใจต่อโรงอาหารคณะวิศวกรรม [ความสะดวกสะบาย (ที่เติมน้ำ ที่เก็บจาน ที่ล้างช้อน-ซ้อม ฯลฯ)],ความพึงพอใจต่อโรงอาหารคณะวิศวกรรม [บรรยากาศ (เสียง กลิ่น อุณหภูมิ ฯลฯ)],ร้านในโรงอาหารคณะวิศวกรรมที่ท่านใช้บริการเป็นประจำ,ข้อเสนอแนะแก่โรงอาหารคณะวิศวกรรม,ความพึงพอใจต่อโรงอาหารโรงพยาบาลธรรมศาสตร์ [ด้านราคา],ความพึงพอใจต่อโรงอาหารโรงพยาบาลธรรมศาสตร์ [ด้านคุณภาพอาหาร],ความพึงพอใจต่อโรงอาหารโรงพยาบาลธรรมศาสตร์ [ด้านความหลากหลาย],ความพึงพอใจต่อโรงอาหารโรงพยาบาลธรรมศาสตร์ [ความคุ้มค่า ],ความพึงพอใจต่อโรงอาหารโรงพยาบาลธรรมศาสตร์ [ความสะอาด],ความพึงพอใจต่อโรงอาหารโรงพยาบาลธรรมศาสตร์ [ทำเลที่ตั้ง (ความสะดวกในการเดินทาง)],ความพึงพอใจต่อโรงอาหารโรงพยาบาลธรรมศาสตร์ [ความถี่ในการเข้าไปใช้บริการ],ความพึงพอใจต่อโรงอาหารโรงพยาบาลธรรมศาสตร์ [ความสะดวกสะบาย (ที่เติมน้ำ ที่เก็บจาน ที่ล้างช้อน-ซ้อม ฯลฯ)],ความพึงพอใจต่อโรงอาหารโรงพยาบาลธรรมศาสตร์ [บรรยากาศ (เสียง กลิ่น อุณหภูมิ ฯลฯ)],ร้านในโรงอาหารโรงพยาบาลธรรมศาสตร์ที่ท่านใช้บริการเป็นประจำ,ข้อเสนอแนะแก่โรงอาหารโรงพยาบาลธรรมศาสตร์,ความพึงพอใจต่อโรงอาหารคณะสถาปัตย์ [ด้านราคา],ความพึงพอใจต่อโรงอาหารคณะสถาปัตย์ [ด้านคุณภาพอาหาร],ความพึงพอใจต่อโรงอาหารคณะสถาปัตย์ [ด้านความหลากหลาย],ความพึงพอใจต่อโรงอาหารคณะสถาปัตย์ [ความคุ้มค่า ],ความพึงพอใจต่อโรงอาหารคณะสถาปัตย์ [ความสะอาด],ความพึงพอใจต่อโรงอาหารคณะสถาปัตย์ [ทำเลที่ตั้ง (ความสะดวกในการเดินทาง)],ความพึงพอใจต่อโรงอาหารคณะสถาปัตย์ [ความถี่ในการเข้าไปใช้บริการ],ความพึงพอใจต่อโรงอาหารคณะสถาปัตย์ [ความสะดวกสะบาย (ที่เติมน้ำ ที่เก็บจาน ที่ล้างช้อน-ซ้อม ฯลฯ)],ความพึงพอใจต่อโรงอาหารคณะสถาปัตย์ [บรรยากาศ (เสียง กลิ่น อุณหภูมิ ฯลฯ)],ร้านในโรงอาหารคณะสถาปัตย์ที่ท่านใช้บริการเป็นประจำ,ข้อเสนอแนะแก่โรงอาหารคณะสถาปัตย์,โดยปกติแล้วท่านซื้อ/สั่งอาหารจากร้านค้าภายนอกหรือไม่,ท่านซื้อ/สั่งอาหารในช่วงเวลาใดบ้าง,โดยเฉลี่ยแล้วท่านซื้อ/สั่งอาหารวันละกี่มื้อ,ท่านซื้อ/สั่งจากร้านค้าหรือเมนูอะไรอยู่เป็นประจำ,ปัจจัยที่ท่านใช้ในการเลือกซื้ออาหารที่ร้านอาหารนอกมหาวิทยาลัย,ในหนึ่งมื้อมีค่าใช้จ่ายประมาณเท่าไร,เหตุผลที่ท่านเลือกซื้อ/สั่งอาหารจากร้านค้าภายนอก,อยากให้มีร้านอะไรมาเปิดในเขตมหาวิทยาลัยหรือไม่ ,โดยปกติแล้วท่านทำอาหารกินเองหรือไม่,ท่านทำอาหารกินเองในช่วงเวลาใดบ้าง,โดยเฉลี่ยแล้วท่านทำอาหารกินเองวันละกี่มื้อ,เมนูที่ท่านทำเป็นประจำ,ทำไมท่านถึงเลือกที่จะทำอาหารกินเอง,ท่านประสบพบเจอกับปัญหาใดบ้างในการทำอาหารกินเอง,อยากให้ทางมหาลัยมีการสนับสนุนใดๆ สำหรับผู้ที่ทำอาหารกินเองหรือไม่หรือไม่ 
3/31/2024 0:01:31,คณะวิทยาศาสตร์และเทคโนโลยี,ปี 1 (รหัส 66),ชาย,"ต่ำกว่า 6,000 บาท",บ้าน,"06.00 น. - 09.00 น., 09.00 น. - 12.00 น., 12.00 น.- 15.00 น., 15.00 น. - 18.00 น., 18.00 น.- 21.00 น., 21.00 น. - 00.00 น., 00.00 น.- 03.00 น., 03.00 น.- 06.00 น.",ไม่ใช่,,,,,,,,,,,,,,,,,,,,,,,,,,,,,,,,,,,,,,,,,,,,,,,,,,,,,,,,,,,,,,,,,,,,,,,,,,,,,,,,,,,,,,,,,,,,,,,ไม่ใช่,,,,,,,,ไม่ใช่,03.00 น.- 06.00 น.,1 มื้อ,,ไม่ทำพ่อแม่ทำ,-,ดีค่ะ
3/31/2024 0:06:17,คณะวิทยาศาสตร์และเทคโนโลยี,ปี 2 (รหัส 65),หญิง,"9,000 - 12,000 บาท",หอพักนอก,"12.00 น.- 15.00 น., 18.00 น.- 21.00 น.",ใช่,12.00 น.- 15.00 น.,1 มื้อ,น้องแอม sc,"โรงอาหาร SC, โรงอาหารคณะวิทยาศาตร์",60,"ราคา, รสชาติ, ระยะทาง",2,2,3,3,3,4,1,3,2,,,3,3,3,3,2,3,3,3,3,น้องแอม,,3,3,3,3,3,2,1,2,3,,,3,3,3,3,3,1,1,2,2,,,1,1,1,1,1,1,4,1,1,น้องโอม,,2,2,2,2,2,2,1,3,2,,,3,2,2,3,2,3,1,3,2,,,3,2,2,2,2,3,1,2,2,,,ใช่,"12.00 น.- 15.00 น., 21.00 น.- 00.00 น.",2 มื้่อ,,"รสชาติ, ความหลากหลายของเมนู",100,ระยะทางใกล้กว่า,Mcdonal,ไม่ใช่,18.00 น.- 21.00 น.,1 มื้อ,,ไม่รู้จะกินอะไรดี,วัตถุดิบไม่พร้อม,เพิ่มครัวกลาง
3/31/2024 0:09:06,คณะวิทยาศาสตร์และเทคโนโลยี,ปี 2 (รหัส 65),หญิง,"6,000 - 9,000 บาท",หอพักใน,"12.00 น.- 15.00 น., 15.00 น. - 18.00 น., 18.00 น.- 21.00 น.",ใช่,"06.00 น.- 09.00 น., 12.00 น.- 15.00 น., 18.00 น.- 21.00 น.",2 มื้อ,ข้ามันไก่,"โรงอาหาร Green canteen, โรงอาหาร JC, โรงอาหารคณะวิทยาศาตร์",60,"ราคา, รสชาติ, ปริมาณอาหาร, ความคุ้มค่า",3,4,3,4,4,5,4,4,4,,,,,,,,,,,3,,,3,4,4,4,4,2,4,3,3,,,,,,,,,,,,,,3,2,2,2,4,5,4,3,3,,,,,,,,,,,,,,,,,,,,,,,,,,,,,,,,,,,,ไม่ใช่,,,,,,,,ไม่ใช่,00.00 น.- 03.00 น.,1 มื้อ,,อยากกินเมนูที่ไม่มีขาย,เครื่องมือไม่ครบ,เพิ่มตู้เย้นแต่ละหอใน
3/31/2024 0:17:56,คณะนิติศาสตร์,ปี 2 (รหัส 65),หญิง,"6,000 - 9,000 บาท",หอพักนอก,"12.00 น.- 15.00 น., 15.00 น. - 18.00 น.",ไม่ใช่,,,,,,,,,,,,,,,,,,,,,,,,,,,,,,,,,,,,,,,,,,,,,,,,,,,,,,,,,,,,,,,,,,,,,,,,,,,,,,,,,,,,,,,,,,,,,,,ใช่,"12.00 น.- 15.00 น., 15.00 น. - 18.00 น.",2 มื้่อ,เส้นเล็กน้ำตกต้มยำ,"ราคา, รสชาติ, ปริมาณอาหาร, ความคุ้มค่า, คุณค่าทางโภชนาการ, ความหลากหลายของเมนู, ระยะทาง",55,โรงอาหารไม่มีเมนูที่อยากกิน คนเยอะ,ติ๋มซำ,ไม่ใช่,,,,,,
3/31/2024 0:18:34,คณะศิลปศาสตร์,ปี 2 (รหัส 65),หญิง,"9,000 - 12,000 บาท",หอพักใน,"12.00 น.- 15.00 น., 15.00 น. - 18.00 น., 18.00 น.- 21.00 น., 21.00 น. - 00.00 น., 00.00 น.- 03.00 น.",ใช่,"09.00 น. - 12.00 น., 18.00 น.- 21.00 น.",2 มื้อ,ไก่กรอบคั่วพริกเกลือ ,"โรงอาหาร Green canteen, โรงอาหาร SC, โรงอาหารทิวสนโดม",60 บาท,"ราคา, รสชาติ, ปริมาณอาหาร, ความหลากหลายของเมนู, ระยะทาง, บรรยากาศ",3,3,3,3,3,3,3,3,3,,,4,3,3,3,3,3,3,3,3,น้องแอม ,,,,,,,,,,,,,2,3,3,3,3,3,2,3,4,หมี่คลุกๆ,,3,1,1,1,1,3,2,2,2,,,,,,,,,,,,,,,,,,,,,,,,,,,,,,,,,,,,ใช่,"18.00 น.- 21.00 น., 21.00 น.- 00.00 น., 00.00 น.- 03.00 น., 03.00 น.- 06.00 น.",3 มื้อ,ไก่ว้าว,"ราคา, รสชาติ, ปริมาณอาหาร, ความคุ้มค่า, ความหลากหลายของเมนู, ระยะทาง, บรรยากาศ",100 บาท,หลากหลาย อร่อย ,,ไม่ใช่,,,,,,
3/31/2024 0:47:00,คณะวิทยาศาสตร์และเทคโนโลยี,ปี 2 (รหัส 65),ชาย,"6,000 - 9,000 บาท",หอพักใน,"09.00 น. - 12.00 น., 12.00 น.- 15.00 น., 15.00 น. - 18.00 น., 00.00 น.- 03.00 น.",ไม่ใช่,,,,,,,,,,,,,,,,,,,,,,,,,,,,,,,,,,,,,,,,,,,,,,,,,,,,,,,,,,,,,,,,,,,,,,,,,,,,,,,,,,,,,,,,,,,,,,,ใช่,00.00 น.- 03.00 น.,มากกว่า 3 มื้อ,,"ราคา, รสชาติ, ปริมาณอาหาร, ความคุ้มค่า",200,โรงอาหารไม่ได้เปิดตอนเที่ยงคืน,,ไม่ใช่,,,,,,
3/31/2024 3:23:13,คณะวิทยาศาสตร์และเทคโนโลยี,ปี 3 (รหัส 64),หญิง,"9,000 - 12,000 บาท",หอพักนอก,"09.00 น. - 12.00 น., 12.00 น.- 15.00 น., 18.00 น.- 21.00 น.",ใช่,"09.00 น. - 12.00 น., 12.00 น.- 15.00 น.",1 มื้อ,ข้าวหน้าเป็ด ยำยูป้า,"โรงอาหาร JC, โรงอาหาร SC, โรงอาหารคณะวิทยาศาตร์",60,"ราคา, รสชาติ, ปริมาณอาหาร, ความคุ้มค่า, คุณค่าทางโภชนาการ",5,5,5,5,5,5,2,5,4,,,4,5,5,4,5,5,3,4,4,,,5,5,5,4,5,5,2,4,4,,,,,,,,,,,,,,4,4,3,3,4,4,5,5,5,,,,,,,,,,,,,,,,,,,,,,,,,,,,,,,,,,,,ไม่ใช่,,,,,,,,ไม่ใช่,,,,,,
3/31/2024 3:30:55,คณะศิลปศาสตร์,ปี 1 (รหัส 66),ชาย,"9,000 - 12,000 บาท",หอพักนอก,"15.00 น. - 18.00 น., 18.00 น.- 21.00 น., 21.00 น. - 00.00 น., 00.00 น.- 03.00 น.",ไม่ใช่,,,,,,,,,,,,,,,,,,,,,,,,,,,,,,,,,,,,,,,,,,,,,,,,,,,,,,,,,,,,,,,,,,,,,,,,,,,,,,,,,,,,,,,,,,,,,,,ไม่ใช่,,,,,,,,ไม่ใช่,,,,,,
3/31/2024 3:32:57,คณะวิทยาศาสตร์และเทคโนโลยี,ปี 2 (รหัส 65),เพศทางเลือก (LGBTQIA+),"9,000 - 12,000 บาท",หอพักนอก,"12.00 น.- 15.00 น., 18.00 น.- 21.00 น., 00.00 น.- 03.00 น.",ไม่ใช่,,,,,,,,,,,,,,,,,,,,,,,,,,,,,,,,,,,,,,,,,,,,,,,,,,,,,,,,,,,,,,,,,,,,,,,,,,,,,,,,,,,,,,,,,,,,,,,ใช่,"12.00 น.- 15.00 น., 18.00 น.- 21.00 น.",2 มื้่อ,กะเพรา,"รสชาติ, ความหลากหลายของเมนู, ระยะทาง",150,สะดวก,บุฟชาบู,ไม่ใช่,,,,,,
3/31/2024 7:54:28,คณะวิทยาศาสตร์และเทคโนโลยี,ปี 2 (รหัส 65),หญิง,"6,000 - 9,000 บาท",หอพักใน,"09.00 น. - 12.00 น., 18.00 น.- 21.00 น.",ใช่,"09.00 น. - 12.00 น., 18.00 น.- 21.00 น.",1 มื้อ,กะเพราหมูชิ้นไข่ดาว,"โรงอาหาร Green canteen, โรงอาหาร SC, โรงอาหารทิวสนโดม, โรงอาหารคณะวิทยาศาตร์",50,"ราคา, รสชาติ, ปริมาณอาหาร, ความคุ้มค่า, ความหลากหลายของเมนู, ระยะทาง",4,4,4,4,4,4,3,4,3,,,4,4,4,4,4,2,2,4,3,น้องแอม,,,,,,,,,,,,,4,4,4,4,4,4,4,4,3,,,4,4,3,3,4,3,4,4,4,,,,,,,,,,,,,,,,,,,,,,,,,,,,,,,,,,,,ไม่ใช่,,,,,,,,ไม่ใช่,,,,,,
3/31/2024 16:51:24,คณะสาธารณสุขศาสตร์,ปี 3 (รหัส 64),หญิง,"ต่ำกว่า 6,000 บาท",หอพักนอก,"09.00 น. - 12.00 น., 12.00 น.- 15.00 น., 18.00 น.- 21.00 น.",ใช่,"09.00 น. - 12.00 น., 12.00 น.- 15.00 น.",2 มื้อ,ก๋วยเตี๋ยว ,โรงอาหารโรงพยาบาลธรรมศาสตร์,45,"ราคา, ระยะทาง",2,2,3,2,2,3,1,2,3,,,1,2,2,2,2,4,1,2,2,,"ราคาแพง , อาหารติดหวาน",1,2,2,2,2,3,1,2,3,,"ราคาแพง,อาหารติดหวาน",1,3,5,3,4,2,2,2,4,แจ่วฮ้อน,ราคาแพง,3,2,2,2,3,1,1,2,3,,,,,,,,,,,,,,3,2,2,3,3,5,5,3,2,ป้าจุ๊,โต๊ะน้อย + มีคนไข้จากรพ.มาใช้บริการด้วย ร้านอาหารน้อย ปิดเร็ว,,,,,,,,,,,,ใช่,"09.00 น.- 12.00 น., 18.00 น.- 21.00 น., 21.00 น.- 00.00 น.",2 มื้่อ,"หมาล่า , ส้มตำ","รสชาติ, ระยะทาง",50-100,"ในโรงอาหารไม่มีเมนูที่อยากกิน , ใกล้หอ",นานจ๊อด,ไม่ใช่,,,,,,
3/31/2024 17:08:14,คณะวิทยาศาสตร์และเทคโนโลยี,ปี 2 (รหัส 65),หญิง,"6,000 - 9,000 บาท",หอพักใน,"12.00 น.- 15.00 น., 18.00 น.- 21.00 น.",ใช่,"12.00 น.- 15.00 น., 18.00 น.- 21.00 น.",2 มื้อ,,"โรงอาหาร Green canteen, โรงอาหารคณะวิทยาศาตร์",80,ระยะทาง,3,3,3,4,3,4,5,4,3,,,,,,,,,,,,,,,,,,,,,,,,,,,,,,,,,,,,,,,,,,,,,,,,,,,,,,,,,,,,,,,,,,,,,,,,,,,,,,,,ไม่ใช่,,,,,,,,ไม่ใช่,,,,,,
3/31/2024 17:13:12,คณะวิทยาศาสตร์และเทคโนโลยี,ปี 2 (รหัส 65),หญิง,"6,000 - 9,000 บาท",หอพักนอก,"09.00 น. - 12.00 น., 12.00 น.- 15.00 น., 18.00 น.- 21.00 น.",ใช่,"09.00 น. - 12.00 น., 12.00 น.- 15.00 น., 15.00 น.- 18.00 น.",2 มื้อ,บะหมี่เป็ด,โรงอาหาร Green canteen,70,ระยะทาง,3,3,4,3,3,3,5,4,2,,อยากให้หาวิธีไม่ให้นกเข้ามาในบริเวณโรงอาหาร,,,,,,,,,,,,,,,,,,,,,,,,,,,,,,,,,,,,,,,,,,,,,,,,,,,,,,,,,,,,,,,,,,,,,,,,,,,,,,ใช่,"09.00 น.- 12.00 น., 12.00 น.- 15.00 น., 15.00 น. - 18.00 น., 18.00 น.- 21.00 น., 21.00 น.- 00.00 น.",2 มื้่อ,กะบับชีสพ่นไฟ kfc ราเมง,"รสชาติ, ความหลากหลายของเมนู, ระยะทาง",180,ระยะทาง ความหลากหลายของเมนู,,ไม่ใช่,,,,,,
3/31/2024 18:12:06,คณะวิทยาศาสตร์และเทคโนโลยี,ปี 2 (รหัส 65),หญิง,"6,000 - 9,000 บาท",คอนโด,"09.00 น. - 12.00 น., 12.00 น.- 15.00 น., 15.00 น. - 18.00 น., 18.00 น.- 21.00 น.",ใช่,12.00 น.- 15.00 น.,1 มื้อ,ข้าวราดแกง,โรงอาหาร Green canteen,50,"ราคา, ระยะทาง",4,4,3,3,4,5,4,4,3,,,4,4,3,4,4,4,2,4,3,,,4,4,2,4,4,3,1,3,3,,,4,4,4,4,3,4,2,3,2,,,,,,,,,,,,,,,,,,,,,,,,,,,,,,,,,,,,,,,,,,,,,,,ใช่,"15.00 น. - 18.00 น., 18.00 น.- 21.00 น.",2 มื้่อ,,"รสชาติ, ปริมาณอาหาร, ระยะทาง",80-100,เมนูอาหาร ระยะทางจากหอพัก,,ไม่ใช่,,,,,,
3/31/2024 19:07:03,คณะวิทยาศาสตร์และเทคโนโลยี,ปี 2 (รหัส 65),หญิง,"มากกว่า 15,000 บาท",หอพักนอก,"06.00 น. - 09.00 น., 12.00 น.- 15.00 น., 18.00 น.- 21.00 น.",ใช่,12.00 น.- 15.00 น.,1 มื้อ,กะเพรา,"โรงอาหาร Green canteen, โรงอาหารคณะวิทยาศาตร์",60,"รสชาติ, ปริมาณอาหาร",3,3,4,3,4,4,3,4,2,,,,,,,,,,,,,,,,,,,,,,,,,,,,,,,,,,,,,,,,,,,,,,,,,,,,,,,,,,,,,,,,,,,,,,,,,,,,,,,,ใช่,18.00 น.- 21.00 น.,1 มื้อ,ต๊อกโบกิ,บรรยากาศ,200,สะดวก,,ไม่ใช่,,,,,,
3/31/2024 19:27:16,คณะวิทยาศาสตร์และเทคโนโลยี,ปี 2 (รหัส 65),หญิง,"6,000 - 9,000 บาท",บ้าน,"06.00 น. - 09.00 น., 12.00 น.- 15.00 น., 15.00 น. - 18.00 น., 18.00 น.- 21.00 น.",ใช่,"06.00 น.- 09.00 น., 12.00 น.- 15.00 น.",2 มื้อ,ก๋วยเตี๋ยว,"โรงอาหาร JC, โรงอาหาร SC, โรงอาหารคณะวิทยาศาตร์",50,ระยะทาง,3,4,4,4,3,2,2,3,2,,แพง ร้อน,4,3,2,3,2,5,5,4,2,ร้านข้าวแกง อาหารตามสั่ง ร้านบุ๊คเบ๊บ,ร้านอาหารน้อย ที่นั่งไม่พอ ความสะอาดของช้อนส้อม,2,4,4,3,2,3,4,3,3,ก๋วยเตี๋ยวต้มยำ ร้านข้าวแกง ข้าวมันไก่ก้ำ ร้านอาหารญี่ปุ่น,,,,,,,,,,,,,4,3,1,3,2,4,4,2,2,น้องเจี๊ยบ ก๋วยเตี๋ยว,ร้านอาหารน้อย ที่นั่งน้อย ร้อน ,,,,,,,,,,,,,,,,,,,,,,,,,,,,,,,,,,ไม่ใช่,,,,,,,,ใช่,"15.00 น. - 18.00 น., 18.00 น.- 21.00 น.",1 มื้อ,สุกี้,อยู่บ้าน ประหยัดกว่า,-,-
3/31/2024 21:03:41,คณะวิทยาศาสตร์และเทคโนโลยี,ปี 2 (รหัส 65),ชาย,"6,000 - 9,000 บาท",หอพักใน,"09.00 น. - 12.00 น., 12.00 น.- 15.00 น., 15.00 น. - 18.00 น., 18.00 น.- 21.00 น., 21.00 น. - 00.00 น.",ใช่,"12.00 น.- 15.00 น., 15.00 น.- 18.00 น., 18.00 น.- 21.00 น.",2 มื้อ,,โรงอาหาร Green canteen,60,ราคา,4,4,4,4,4,4,4,4,4,,,3,3,3,3,3,3,3,3,3,,,3,3,3,3,3,3,3,3,3,,,3,3,3,3,3,3,3,3,3,,,4,4,4,4,4,4,4,4,4,,,,,,,,,,,,,,,,,,,,,,,,,,,,,,,,,,,,ไม่ใช่,,,,,,,,ไม่ใช่,,,,,,
3/31/2024 21:16:02,คณะวิทยาศาสตร์และเทคโนโลยี,ปี 2 (รหัส 65),หญิง,"6,000 - 9,000 บาท",หอพักใน,"09.00 น. - 12.00 น., 12.00 น.- 15.00 น., 15.00 น. - 18.00 น., 18.00 น.- 21.00 น.",ใช่,"12.00 น.- 15.00 น., 15.00 น.- 18.00 น., 18.00 น.- 21.00 น.",2 มื้อ,ข้าวลาบไก่ทอด ร้านส้มตำที่กรีนดึก,"โรงอาหาร Green canteen, โรงอาหาร SC, โรงอาหารทิวสนโดม, โรงอาหารคณะวิทยาศาตร์",65,"ราคา, รสชาติ, ปริมาณอาหาร, ความคุ้มค่า, ระยะทาง, บรรยากาศ",5,5,5,5,5,5,5,5,5,,,4,4,5,4,2,3,3,5,4,ร้านข้าวราดแกงน้องแอม,โต๊ะสกปรกมาก อยากให้มีแม่บ้านมาช่วยเก็บโต๊ะให้หลังมีคนใช้เสร็จบ่อยๆ,,,,,,,,,,,,5,5,5,5,5,5,5,5,5,ร้านข้าวมันไก่ + ร้านน้ำ (ข้างร้านเครป),,5,4,4,5,2,5,5,5,4,ร้านข้าวราดแกงน้องโอม,โต๊ะสกปรกเหมือนกัน อยากให้มีแม่บ้านช่วยทำความสะอาดให้บ่อยๆ,,,,,,,,,,,,,,,,,,,,,,,,,,,,,,,,,,ไม่ใช่,,,,,,,,ไม่ใช่,,,,,,
4/1/2024 10:11:54,คณะวิทยาศาสตร์และเทคโนโลยี,ปี 2 (รหัส 65),ชาย,"ต่ำกว่า 6,000 บาท",บ้าน,"06.00 น. - 09.00 น., 09.00 น. - 12.00 น., 15.00 น. - 18.00 น.",ใช่,"06.00 น.- 09.00 น., 09.00 น. - 12.00 น.",2 มื้อ,ก๋วยเตี๋ยวแห้งต้มยำ,"โรงอาหาร Green canteen, โรงอาหารคณะวิทยาศาตร์",55,"ราคา, รสชาติ, ปริมาณอาหาร, ความคุ้มค่า, ระยะทาง",4,4,4,5,5,5,5,5,5,,ความสะอาดโดยรวมดีแล้ว แต่เก้าอี้กับโต๊ะน่าจะทำความสะอาดมากขึ้น,,,,,,,,,,,,,,,,,,,,,,,,,,,,,,,,,,4,4,5,4,5,5,4,5,4,แฮมเบอร์เกอร์,ชอบที่มีไอติมมหาชัย แต่อาจจะร้อนไปหน่อยนึง,,,,,,,,,,,,,,,,,,,,,,,,,,,,,,,,,,ไม่ใช่,,,,,,,,ไม่ใช่,,,,,,
4/1/2024 12:31:20,คณะวิทยาศาสตร์และเทคโนโลยี,ปี 2 (รหัส 65),หญิง,"9,000 - 12,000 บาท",หอพักใน,"06.00 น. - 09.00 น., 09.00 น. - 12.00 น., 12.00 น.- 15.00 น., 15.00 น. - 18.00 น., 18.00 น.- 21.00 น.",ใช่,"09.00 น. - 12.00 น., 12.00 น.- 15.00 น., 15.00 น.- 18.00 น., 18.00 น.- 21.00 น.",2 มื้อ,บะหมี่หมูกรอบ,"โรงอาหาร Green canteen, โรงอาหารทิวสนโดม",80,"ราคา, รสชาติ, ความหลากหลายของเมนู",3,3,3,3,4,4,4,4,3,,อาหารไม่หลากหลาย,3,3,2,3,4,3,1,3,4,ร้านข้าวมันไก่,อาหารไม่หลากหลาย,,,,,,,,,,,,4,4,4,3,4,5,4,4,4,ร้านหมูทอด ร้านไข่เจียว,บรรยากาศในโรงอาหารโอเคดีแล้ว,3,3,2,3,3,4,2,3,3,ร้านข้าวมันไก่,อาหารไม่หลากหลาย,,,,,,,,,,,,,,,,,,,,,,,,,,,,,,,,,,ใช่,"12.00 น.- 15.00 น., 15.00 น. - 18.00 น.",1 มื้อ,ซูชิ อาหารญี่ปุ่น,"ราคา, รสชาติ, ความคุ้มค่า, ความหลากหลายของเมนู",160,เบื่อข้าวโรงอาหาร,,ไม่ใช่,,,,,,
4/1/2024 14:27:05,คณะวิทยาศาสตร์และเทคโนโลยี,ปี 2 (รหัส 65),หญิง,"6,000 - 9,000 บาท",หอพักใน,"09.00 น. - 12.00 น., 15.00 น. - 18.00 น., 21.00 น. - 00.00 น.",ใช่,12.00 น.- 15.00 น.,1 มื้อ,ข้าวหมูกรอบคั่วพริกเกลือไข่ดาว ร้านกับข้าวกับปลา โรงอาหารกรีน,"โรงอาหาร Green canteen, โรงอาหารทิวสนโดม",60,"ราคา, รสชาติ, ปริมาณอาหาร, ความคุ้มค่า",3,3,2,2,3,5,5,5,3,,,,,,,,,,,,,,,,,,,,,,,,,3,4,5,4,4,4,4,5,3,"ร้านของทอด ซื้อไก่ทอดราดชีส, ร้านไก่ย่าง 5 ดาว ซื้อไก่จ๊อ",เพิ่มที่นั่งสำหรับกินอาหารให้เยอะขึ้น,4,2,2,3,3,3,2,5,2,ยำยูป้า ยำวุ้นเส้น,ร้านไม่ค่อยหลากหลาย เปิดไม่นาน บรรยากาศไม่ค่อยดี,,,,,,,,,,,,,,,,,,,,,,,,,,,,,,,,,,ใช่,18.00 น.- 21.00 น.,1 มื้อ,"ร้านไข่หวานบ้านซูชิ ข้าวหน้าแซลม่อนซอสงาคั่ว,แซลม่อนดอง","รสชาติ, ความหลากหลายของเมนู",120,เบื่อรสชาติอาหารเดิมๆของโรงอาหารในมหาวิทยาลัย,GuGu Chicken ร้านอาหารเกาหลี ,ใช่,18.00 น.- 21.00 น.,1 มื้อ,เกี๊ยวน้ำหมู,ประหยัดกว่า,ต้องล้างภาชนะเยอะ เสียเวลา,เปลี่ยนภาชนะหรือเครื่องครัวให้ใหม่ เพราะตอนนี้ค่อนข้างเก่า
4/1/2024 20:05:45,คณะศิลปศาสตร์,ปี 3 (รหัส 64),หญิง,"6,000 - 9,000 บาท",หอพักนอก,"06.00 น. - 09.00 น., 12.00 น.- 15.00 น., 15.00 น. - 18.00 น.",ไม่ใช่,,,,,,,,,,,,,,,,,,,,,,,,,,,,,,,,,,,,,,,,,,,,,,,,,,,,,,,,,,,,,,,,,,,,,,,,,,,,,,,,,,,,,,,,,,,,,,,ใช่,"06.00 น. - 09.00 น., 15.00 น. - 18.00 น.",2 มื้่อ,ข้าวไก่กรอบพริกเกลือ,"ราคา, ปริมาณอาหาร, ความคุ้มค่า",50-60,มีให้เลือกหลากหลาย ไม่ต้องรอคิวยาว,,ไม่ใช่,,,,,,
4/2/2024 10:53:56,คณะวิทยาศาสตร์และเทคโนโลยี,ปี 2 (รหัส 65),ชาย,"9,000 - 12,000 บาท",หอพักนอก,"06.00 น. - 09.00 น., 12.00 น.- 15.00 น., 18.00 น.- 21.00 น.",ไม่ใช่,,,,,,,,,,,,,,,,,,,,,,,,,,,,,,,,,,,,,,,,,,,,,,,,,,,,,,,,,,,,,,,,,,,,,,,,,,,,,,,,,,,,,,,,,,,,,,,ใช่,"09.00 น.- 12.00 น., 12.00 น.- 15.00 น., 18.00 น.- 21.00 น., 21.00 น.- 00.00 น.",2 มื้่อ,Omelette,"ราคา, ปริมาณอาหาร",50-90 บาท,ใกล้หอ,Sushiro,ไม่ใช่,,,,,,
4/2/2024 18:18:38,คณะนิติศาสตร์,ปี 2 (รหัส 65),หญิง,"12,000 - 15,000 บาท",หอพักนอก,"12.00 น.- 15.00 น., 18.00 น.- 21.00 น.",ใช่,"12.00 น.- 15.00 น., 18.00 น.- 21.00 น.",1 มื้อ,"ร้านน้องแอม , ยำยูป้า",โรงอาหาร SC,~ 80,"ราคา, รสชาติ, ความคุ้มค่า, คุณค่าทางโภชนาการ, ความหลากหลายของเมนู, ระยะทาง",3,3,2,3,3,4,2,3,2,ข้าวแกงอิสลาม (ข้าวปลาทูไข่ต้มแกงส้ม),ห้องน้ำไม่ค่อยสะอาด,3,2,4,3,2,4,1,3,2,ร้านน้องแอม,แออัด ที่นั่งไม่เพียงพอต่อจำนวนนักศึกษาที่ใช้บริการ,4,3,3,4,3,5,5,5,2,ชานมไข่มุก,,3,3,3,3,3,4,2,3,3,"ร้านข้าวซอย(ผัดไท) , กะเพรา , ไก่จ๊อห้าดาว",,4,4,4,4,4,4,4,4,4,,,,,,,,,,,,,,,,,,,,,,,,,,,,,,,,,,,,ใช่,"12.00 น.- 15.00 น., 18.00 น.- 21.00 น., 21.00 น.- 00.00 น., 00.00 น.- 03.00 น.",2 มื้่อ,"องศา , loong bistro , ชิงคันเซน","ราคา, รสชาติ, ปริมาณอาหาร, ความคุ้มค่า",150,เมนูที่อยากทาน,ชิงคันเซน,ไม่ใช่,,,,,,
4/3/2024 12:15:53,คณะวิทยาศาสตร์และเทคโนโลยี,ปี 2 (รหัส 65),หญิง,"6,000 - 9,000 บาท",หอพักใน,"09.00 น. - 12.00 น., 15.00 น. - 18.00 น., 18.00 น.- 21.00 น.",ใช่,"09.00 น. - 12.00 น., 15.00 น.- 18.00 น., 18.00 น.- 21.00 น.",2 มื้อ,ข้าวมันไก่,"โรงอาหาร Green canteen, โรงอาหาร SC",50,"ราคา, ความหลากหลายของเมนู, ระยะทาง",5,4,3,5,5,5,5,5,5,,,5,5,5,4,5,3,3,3,4,,,,,,,,,,,,,,,,,,,,,,,,,,,,,,,,,,,,,,,,,,,,,,,,,,,,,,,,,,,,,,,,,,,,,ใช่,"18.00 น.- 21.00 น., 21.00 น.- 00.00 น.",1 มื้อ,,รสชาติ,150,อยากกิน,,ไม่ใช่,,,,,,
4/3/2024 14:27:46,คณะวิทยาศาสตร์และเทคโนโลยี,ปี 2 (รหัส 65),ชาย,"12,000 - 15,000 บาท",หอพักนอก,"09.00 น. - 12.00 น., 12.00 น.- 15.00 น., 15.00 น. - 18.00 น., 21.00 น. - 00.00 น.",ใช่,"09.00 น. - 12.00 น., 12.00 น.- 15.00 น.",1 มื้อ,ข้าวมันไก่,"โรงอาหาร Green canteen, โรงอาหาร SC, โรงอาหารคณะวิทยาศาตร์",70,"ราคา, รสชาติ, ปริมาณอาหาร, คุณค่าทางโภชนาการ, ระยะทาง",4,4,4,3,3,2,4,4,3,ข้าวหมกไก่,ดูแลความสะอาด อากาศค่อนข้างร้อน,4,4,5,5,4,5,4,3,4,ข้าวมันไก่,ที่นั่งไม่พอ,,,,,,,,,,,,,,,,,,,,,,,3,4,3,3,4,3,5,4,3,ข้าวไก่อบ,ความสะอาด,,,,,,,,,,,,,,,,,,,,,,,,,,,,,,,,,,ใช่,"21.00 น.- 00.00 น., 00.00 น.- 03.00 น.",1 มื้อ,7-11,"ราคา, ปริมาณอาหาร, ความคุ้มค่า",50,หิวกลางดึก ร้านส่วนใหญ่ปิดไปแล้ว,"Pizza Company, Mc",ใช่,"06.00 น.- 09.00 น., 15.00 น. - 18.00 น., 18.00 น.- 21.00 น.",2 มื้่อ,ข้าวผัด พลาสต้า,ประหยัด อยากกินแต่ไม่มีขาย งานอดิเรก,หาวัตถุดิบใกล้ๆ ไม่ได้ ต้องออกไปซื้อไกล,เพิ่มที่นั่งทานแยกจากโรงอาหาร
4/3/2024 14:34:24,คณะวิทยาศาสตร์และเทคโนโลยี,ปี 2 (รหัส 65),ชาย,"6,000 - 9,000 บาท",หอพักนอก,"09.00 น. - 12.00 น., 12.00 น.- 15.00 น., 18.00 น.- 21.00 น., 21.00 น. - 00.00 น.",ใช่,"12.00 น.- 15.00 น., 18.00 น.- 21.00 น.",2 มื้อ,"ข้าวไก่ทอดแกงกะหรี่, ข้าวไก่ทอดซอสเลม่อน","โรงอาหาร Green canteen, โรงอาหารคณะวิทยาศาตร์",80,"ราคา, รสชาติ, ความคุ้มค่า, ระยะทาง",3,5,5,4,5,5,3,5,3,Onsen Express,โรงอาหารมีอาหารหลากหลาย อร่อย สะอาด ที่นั่งเพียงพอ,,,,,,,,,,,,,,,,,,,,,,,,,,,,,,,,,,5,3,2,3,3,5,5,5,3,"น้องเจี๊ยบ, ยำยูป้า",น่าจะมีร้านอาหารที่มีคุณภาพมากกว่านี้ แต่เรื่องความคุ้มค่าและราคาทางโรงอาหารทำได้ดีแล้ว,,,,,,,,,,,,,,,,,,,,,,,,,,,,,,,,,,ใช่,"18.00 น.- 21.00 น., 21.00 น.- 00.00 น., 00.00 น.- 03.00 น.",1 มื้อ,"ร้านหอมข้าว, นายจ๊อดกะเพราถาด, สุกี้สถานีความอร่อย","รสชาติ, ปริมาณอาหาร, ความหลากหลายของเมนู",150,โรงอาหารในมหาลัยปิดเร็ว และอาหารข้างนอกอร่อยกว่า,McDonald's ,ใช่,21.00 น.- 00.00 น.,1 มื้อ,"ข้าวไข่ดาว, ผัดปลากระป๋อง, เมนูทอดง่าย ๆ",ความประหยัด,เสียเวลานาน พื้นที่ห้องเล็ก ไม่พร้อมต่อการทำอาหาร วัตถุดิบรอบมหาลัยหาซื้อยากมาก คุณภาพไม่ดี,จัดตลาดสดในมหาวิทยาลัยบ้าง
4/3/2024 14:44:57,คณะวิทยาศาสตร์และเทคโนโลยี,ปี 2 (รหัส 65),ชาย,"ต่ำกว่า 6,000 บาท",หอพักใน,"06.00 น. - 09.00 น., 12.00 น.- 15.00 น., 21.00 น. - 00.00 น.",ใช่,18.00 น.- 21.00 น.,1 มื้อ,ข้าวราดแกง,"โรงอาหาร Green canteen, โรงอาหาร JC",45,"ราคา, รสชาติ, ความหลากหลายของเมนู, ระยะทาง",4,4,4,4,4,3,3,3,3,ร้านข้าวแกง golden fork,เพิ่มจุดกรอกน้ำ,,,,,,,,,,,,4,5,4,4,4,3,4,5,3,ร้านครัวใจดี,,,,,,,,,,,,,,,,,,,,,,,,,,,,,,,,,,,,,,,,,,,,,,,,,,,,,,,,,ใช่,"06.00 น. - 09.00 น., 12.00 น.- 15.00 น., 21.00 น.- 00.00 น.",2 มื้่อ,ร้านนายจ๊อดส้มตำ,"ราคา, รสชาติ, ความคุ้มค่า, ความหลากหลายของเมนู, ระยะทาง",120,มีความหลากหลายกว่าในโรงอาหาร อาหารถูกปากกว่า,,ไม่ใช่,,,,,,
4/3/2024 15:02:22,คณะวิทยาศาสตร์และเทคโนโลยี,ปี 2 (รหัส 65),ชาย,"ต่ำกว่า 6,000 บาท",หอพักใน,"12.00 น.- 15.00 น., 21.00 น. - 00.00 น.",ใช่,"12.00 น.- 15.00 น., 18.00 น.- 21.00 น.",2 มื้อ,ข้าวไก่ย่าง,"โรงอาหาร Green canteen, โรงอาหาร JC",60,"ราคา, รสชาติ, ปริมาณอาหาร, ความคุ้มค่า, ความหลากหลายของเมนู, ระยะทาง",5,5,4,4,4,5,4,4,3,"ข้าวไข่ข้น, ข้าวไก่ย่าง, ข้าวขาหมู",-,3,4,4,3,4,4,3,3,4,ก๋วยเตี๋ยวเส้นหมี่เหลือง,-,5,5,5,5,5,5,5,5,5,ร้านข้าวราดแกง,-,,,,,,,,,,-,-,,,,,,,,,,-,-,,,,,,,,,,-,-,,,,,,,,,,-,-,,,,,,,,,,-,-,ใช่,"12.00 น.- 15.00 น., 21.00 น.- 00.00 น.",2 มื้่อ,ส้มตำ,"ราคา, รสชาติ, ปริมาณอาหาร, ความคุ้มค่า, ความหลากหลายของเมนู, บรรยากาศ",80,อยากกินอย่างอื่นที่ในมหาวิทยาลัยไม่มี,แมคโดนัลด์,ไม่ใช่,,,,,,
4/4/2024 10:55:25,คณะวิทยาศาสตร์และเทคโนโลยี,ปี 2 (รหัส 65),ชาย,"ต่ำกว่า 6,000 บาท",บ้าน,"12.00 น.- 15.00 น., 18.00 น.- 21.00 น.",ใช่,12.00 น.- 15.00 น.,1 มื้อ,,โรงอาหาร Green canteen,40,"ราคา, รสชาติ",3,2,2,3,3,3,1,2,2,,,,,,,,,,,,,,,,,,,,,,,,,,,,,,,,,,,,,,,,,,,,,,,,,,,,,,,,,,,,,,,,,,,,,,,,,,,,,,,,ไม่ใช่,,,,,,,,ไม่ใช่,,,,,,
4/4/2024 13:11:35,คณะวิทยาศาสตร์และเทคโนโลยี,ปี 2 (รหัส 65),ชาย,"ต่ำกว่า 6,000 บาท",หอพักใน,"12.00 น.- 15.00 น., 18.00 น.- 21.00 น., 00.00 น.- 03.00 น.",ใช่,"12.00 น.- 15.00 น., 18.00 น.- 21.00 น.",2 มื้อ,ข้าวหมูกรอบ,โรงอาหาร Green canteen,70,"ราคา, ปริมาณอาหาร, ความคุ้มค่า, ระยะทาง",3,4,4,3,4,5,5,3,4,น้องเจี๊ยบ,,4,5,5,4,4,3,1,2,5,ข้าวมันไก่,,4,4,3,4,4,3,4,2,3,น้องแอมป์,,2,3,3,3,4,2,3,3,5,ข้าวไข่เจียว,,3,2,3,4,4,5,5,4,4,ยำยูป้า,,,,,,,,,,,,,,,,,,,,,,,,,,,,,,,,,,,ไม่ใช่,,,,,,,,ไม่ใช่,,,,,,
4/4/2024 13:14:38,คณะวิทยาศาสตร์และเทคโนโลยี,ปี 2 (รหัส 65),หญิง,"6,000 - 9,000 บาท",หอพักนอก,"09.00 น. - 12.00 น., 12.00 น.- 15.00 น., 18.00 น.- 21.00 น.",ใช่,12.00 น.- 15.00 น.,1 มื้อ,ข้าวหมูอบหมูกรอบ,โรงอาหาร SC,50,รสชาติ,3,3,4,3,4,2,2,2,2,ข้าวแกงกะหรี่หมูทอด,,5,5,5,5,4,5,5,5,4,ข้าวหมูอบหมูกรอบ,,4,5,4,4,4,,3,3,3,ข้าวแกงกะหรี่หมูทอด,,,,,,,,,,,,,4,3,2,3,3,2,2,2,2,ยำยูป้า,,,,,,,,,,,,,,,,,,,,,,,,,,,,,,,,,,,ใช่,18.00 น.- 21.00 น.,1 มื้อ,ก๋วยเตี๋ยวไก่,รสชาติ,50,สะดวกเพราะพักหอนอก,,ไม่ใช่,,,,,,
4/4/2024 13:17:27,คณะวิทยาศาสตร์และเทคโนโลยี,ปี 2 (รหัส 65),หญิง,"6,000 - 9,000 บาท",หอพักนอก,"12.00 น.- 15.00 น., 15.00 น. - 18.00 น.",ใช่,12.00 น.- 15.00 น.,1 มื้อ,ข้าวไข่ข้น,โรงอาหาร SC,40,"ราคา, รสชาติ, ปริมาณอาหาร, ความคุ้มค่า",,,,,,,,,,,,4,4,4,4,3,4,5,4,3,ข้าวไข่ข้น,-,,,,,,,,,,,,,,,,,,,,,,,,,,,,,,,,,,,,,,,,,,,,,,,,,,,,,,,,,,,,,,,,,,,ใช่,15.00 น. - 18.00 น.,1 มื้อ,,"ราคา, รสชาติ, ปริมาณอาหาร, ความคุ้มค่า",70,ระยะทางจากหอพักไกลจากโรงอาหาร,,ไม่ใช่,,,,,,
4/4/2024 13:21:53,คณะวิทยาศาสตร์และเทคโนโลยี,ปี 2 (รหัส 65),หญิง,"6,000 - 9,000 บาท",หอพักนอก,"12.00 น.- 15.00 น., 18.00 น.- 21.00 น.",ใช่,12.00 น.- 15.00 น.,1 มื้อ,ข้าวไข่เจียว,โรงอาหาร SC,50,"ราคา, รสชาติ, ปริมาณอาหาร, ความคุ้มค่า",5,4,3,4,4,3,3,5,3,บะหมี่หมูแดง,,4,4,2,3,5,2,1,5,4,ร้านไข่ข้น/ไข่เจียว,,4,5,5,3,5,4,3,5,4,ก๋วยเตี๋ยว,,,,,,,,,,,,,4,2,1,4,4,1,2,3,5,ยำยูป้า,,4,1,1,3,3,3,1,3,3,ข้าวมันไก่,,,,,,,,,,,,,,,,,,,,,,,,ใช่,"09.00 น.- 12.00 น., 18.00 น.- 21.00 น.",1 มื้อ,ร้านข้าวทิพย์,"รสชาติ, ความคุ้มค่า",110,ขี้เกียจเดินไปข้างนอก,,ไม่ใช่,,,,,,
4/4/2024 13:32:37,คณะวิทยาศาสตร์และเทคโนโลยี,ปี 2 (รหัส 65),เพศทางเลือก (LGBTQIA+),"6,000 - 9,000 บาท",หอพักนอก,"12.00 น.- 15.00 น., 18.00 น.- 21.00 น.",ไม่ใช่,,,,,,,,,,,,,,,,,,,,,,,,,,,,,,,,,,,,,,,,,,,,,,,,,,,,,,,,,,,,,,,,,,,,,,,,,,,,,,,,,,,,,,,,,,,,,,,ใช่,"12.00 น.- 15.00 น., 18.00 น.- 21.00 น.",2 มื้่อ,,"ราคา, รสชาติ, ความคุ้มค่า, ระยะทาง",50,ใกล้หอพัก,,ไม่ใช่,,,,,,
4/4/2024 13:33:43,คณะวิทยาศาสตร์และเทคโนโลยี,ปี 2 (รหัส 65),หญิง,"9,000 - 12,000 บาท",หอพักใน,"09.00 น. - 12.00 น., 12.00 น.- 15.00 น., 18.00 น.- 21.00 น., 21.00 น. - 00.00 น.",ไม่ใช่,,,,,,,,,,,,,,,,,,,,,,,,,,,,,,,,,,,,,,,,,,,,,,,,,,,,,,,,,,,,,,,,,,,,,,,,,,,,,,,,,,,,,,,,,,,,,,,ใช่,"09.00 น.- 12.00 น., 12.00 น.- 15.00 น., 18.00 น.- 21.00 น., 21.00 น.- 00.00 น.",มากกว่า 3 มื้อ,,"ราคา, รสชาติ, ปริมาณอาหาร, ความคุ้มค่า, ความหลากหลายของเมนู",100,ไม่มีเมนูทีาอยากกิน,,ใช่,"09.00 น.- 12.00 น., 12.00 น.- 15.00 น., 18.00 น.- 21.00 น.",มากกว่า 3 มื้อ,,ประหยัด,-,เพิ่ใครัวกลาง
4/4/2024 15:42:36,คณะวิทยาศาสตร์และเทคโนโลยี,ปี 2 (รหัส 65),หญิง,"9,000 - 12,000 บาท",หอพักนอก,"09.00 น. - 12.00 น., 18.00 น.- 21.00 น.",ใช่,09.00 น. - 12.00 น.,1 มื้อ,ข้าวมันไก่ ,"โรงอาหาร JC, โรงอาหารทิวสนโดม",50,ระยะทาง,3,3,3,3,4,4,4,4,4,ข้าวมันยำไก่แซ่บ,เพิ่มร้านใหม่ๆได้มั้ย,3,3,4,4,3,4,1,4,3,ยำยูป้า,,4,4,4,4,4,3,4,4,4,ครัวนิยะห์,,3,4,3,4,4,2,4,4,4,ข้าวมันไก่ต้มน้ำปลา,,,,,,,,,,,,,,,,,,,,,,,,,,,,,,,,,,,,,,,,,,,,,,ใช่,15.00 น. - 18.00 น.,1 มื้อ,ก่วยเตี๋ยว,"รสชาติ, ความหลากหลายของเมนู",60,อร่อย,,ไม่ใช่,,,,,,
4/4/2024 15:42:49,คณะวิทยาศาสตร์และเทคโนโลยี,ปี 2 (รหัส 65),หญิง,"9,000 - 12,000 บาท",หอพักใน,"06.00 น. - 09.00 น., 09.00 น. - 12.00 น., 12.00 น.- 15.00 น., 15.00 น. - 18.00 น., 18.00 น.- 21.00 น.",ใช่,09.00 น. - 12.00 น.,1 มื้อ,หมูกรอบผัดพริกเกลือ กรีน,"โรงอาหาร Green canteen, โรงอาหาร JC, โรงอาหารทิวสนโดม",60,"ราคา, รสชาติ, ระยะทาง",4,4,4,4,4,5,4,5,3,หมูกริบผัดพริกเกลือ,ติดแอร์,4,5,4,5,5,5,5,5,4,,,5,5,4,5,5,5,5,5,4,ไข่ดาว ไส้กรอกแดง มัสมั่น,,4,4,3,5,5,5,3,5,3,ไข่เจียวน้ำพริก สเต็ก มาม่า,,3,2,2,2,4,3,2,4,3,ยำยูป้า,,,,,,,,,,,,,,,,,,,,,,,,,,,,,,,,,,,ใช่,"06.00 น. - 09.00 น., 15.00 น. - 18.00 น., 18.00 น.- 21.00 น.",1 มื้อ,สุกี้แห้ง,"รสชาติ, ความคุ้มค่า, ความหลากหลายของเมนู",100,ทำอร่อยไม่เท่า,พิซซ่า,ไม่ใช่,,,,,,
4/5/2024 11:00:18,คณะรัฐศาสตร์,ปี 2 (รหัส 65),หญิง,"ต่ำกว่า 6,000 บาท",หอพักใน,"06.00 น. - 09.00 น., 12.00 น.- 15.00 น., 18.00 น.- 21.00 น.",ใช่,12.00 น.- 15.00 น.,1 มื้อ,,"โรงอาหาร Green canteen, โรงอาหาร JC, โรงอาหาร SC, โรงอาหารทิวสนโดม",60,"ราคา, รสชาติ, ปริมาณอาหาร, ความคุ้มค่า, ระยะทาง",4,2,3,3,4,4,3,4,2,,,3,3,2,2,3,4,3,4,3,,,2,3,2,2,3,3,4,4,3,,,2,4,4,4,4,2,3,3,4,,,,,,,,,,,,,,,,,,,,,,,,,,,,,,,,,,,,,,,,,,,,,,,ใช่,18.00 น.- 21.00 น.,1 มื้อ,,"รสชาติ, ความหลากหลายของเมนู",80,อาหารหลากหลาย,,ไม่ใช่,,,,,,
4/5/2024 11:00:46,คณะรัฐศาสตร์,ปี 4 (รหัส 63),เพศทางเลือก (LGBTQIA+),"ต่ำกว่า 6,000 บาท",บ้าน,"06.00 น. - 09.00 น., 12.00 น.- 15.00 น., 18.00 น.- 21.00 น.",ใช่,"09.00 น. - 12.00 น., 12.00 น.- 15.00 น.",2 มื้อ,ร้านน้องแอม ข้าวราดแกง,"โรงอาหาร JC, โรงอาหาร SC",40,"ราคา, รสชาติ, ปริมาณอาหาร",4,4,3,3,5,5,2,4,4,เคยไปใช้บริการเป็นครั้งคราว,,5,5,3,5,5,5,4,4,2,ร้านน้องแอม,,5,5,5,5,5,5,5,4,4,ครัวใจดี,,,,,,,,,,,,,,,,,,,,,,,,,,,,,,,,,,,,,,,,,,,,,,,,,,,,,,,,,ใช่,"12.00 น.- 15.00 น., 15.00 น. - 18.00 น., 18.00 น.- 21.00 น.",1 มื้อ,กะเพรา,"รสชาติ, ความหลากหลายของเมนู",50ขึ้นไป,เปลี่ยนและเพิ่มตัวเลือก,,ใช่,18.00 น.- 21.00 น.,1 มื้อ,มาม่าเกาหลี,ได้ปริมาณมากกว่าซื้อ,ความยุ่งยากในการเตรียมวัตถุดิบ,สนับสนุนแหล่งซื้อวัตถุดิบนอกจากในร้านสะดวกซื้อ เช่นร้านชำต่างๆในมหาวิทยาลัย ไม่ต้องเดินทางไปตลาดไทเพื่อไปซื้อวัตถุดิบที่หาซื้อไม่ได้ในเขตมหาวิทยาลัย
4/5/2024 11:06:14,คณะศิลปศาสตร์,ปี 1 (รหัส 66),หญิง,"12,000 - 15,000 บาท",หอพักนอก,"12.00 น.- 15.00 น., 18.00 น.- 21.00 น.",ไม่ใช่,,,,,,,,,,,,,,,,,,,,,,,,,,,,,,,,,,,,,,,,,,,,,,,,,,,,,,,,,,,,,,,,,,,,,,,,,,,,,,,,,,,,,,,,,,,,,,,ใช่,"12.00 น.- 15.00 น., 18.00 น.- 21.00 น.",2 มื้่อ,ฉงเมาไท่,รสชาติ,150,ไม่ค่อยมีเมนูอาหารที่ชอบ รสชาติไม่อร่อย,,ไม่ใช่,,,,,,
4/5/2024 11:11:38,คณะแพทยศาสตร์,ปี 1 (รหัส 66),หญิง,"ต่ำกว่า 6,000 บาท",บ้าน,"09.00 น. - 12.00 น., 12.00 น.- 15.00 น.",ใช่,"09.00 น. - 12.00 น., 12.00 น.- 15.00 น.",1 มื้อ,ก๋วยเตี๋ยว,"โรงอาหาร Green canteen, โรงอาหาร SC, โรงอาหารโรงพยาบาลธรรมศาสตร์",50,"ราคา, รสชาติ, ความคุ้มค่า, ความหลากหลายของเมนู, ระยะทาง",3,3,3,3,3,4,1,4,2,ร้านก๋วยเตี๋ยวสุโขทัย,ห้องน้ำคนเยอะมาก,4,4,3,3,3,4,4,3,3,ร้านก๋วยเตี๋ยว,เซเว่นแคบมาก คนเยอะ,,,,,,,,,,,,,,,,,,,,,,,,,,,,,,,,,,,,,,,,,,,,,3,3,2,3,2,4,4,2,2,ก๋วยเตี๋ยว,ที่นั่งน้อย,,,,,,,,,,,,ไม่ใช่,,,,,,,,ไม่ใช่,,,,,,
4/5/2024 11:12:09,คณะแพทยศาสตร์,ปี 1 (รหัส 66),หญิง,"ต่ำกว่า 6,000 บาท",บ้าน,"06.00 น. - 09.00 น., 12.00 น.- 15.00 น., 15.00 น. - 18.00 น.",ใช่,12.00 น.- 15.00 น.,1 มื้อ,เส้นเล็กน้ำตกหมู,"โรงอาหาร Green canteen, โรงอาหาร SC, โรงอาหารโรงพยาบาลธรรมศาสตร์",50,ชอบ,4,4,5,5,5,5,2,3,4,ข้าวแกง… ยำไข่ต้ม,,4,4,2,4,4,4,4,3,4,เส้นเล็กน้ำตกหมู,,,,,,,,,,,,,,,,,,,,,,,,,,,,,,,,,,,,,,,,,,,,,,4,4,3,4,4,4,4,4,4,เส้นเล็กน้ำตกหมู,,,,,,,,,,,,,ไม่ใช่,,,,,,,,ไม่ใช่,,,,,,
4/5/2024 11:16:48,คณะศิลปศาสตร์,ปี 3 (รหัส 64),หญิง,"6,000 - 9,000 บาท",หอพักนอก,"12.00 น.- 15.00 น., 18.00 น.- 21.00 น.",ไม่ใช่,,,,,,,,,,,,,,,,,,,,,,,,,,,,,,,,,,,,,,,,,,,,,,,,,,,,,,,,,,,,,,,,,,,,,,,,,,,,,,,,,,,,,,,,,,,,,,,ใช่,"12.00 น.- 15.00 น., 18.00 น.- 21.00 น.",2 มื้่อ,ไก่ทอด,ความหลากหลายของเมนู,70,ในโรงอาหารช่วงพักคนเยอะมาก,,ไม่ใช่,,,,,,
4/5/2024 11:16:53,คณะศิลปศาสตร์,ปี 3 (รหัส 64),หญิง,"12,000 - 15,000 บาท",คอนโด,"06.00 น. - 09.00 น., 09.00 น. - 12.00 น., 12.00 น.- 15.00 น., 15.00 น. - 18.00 น., 18.00 น.- 21.00 น.",ไม่ใช่,,,,,,,,,,,,,,,,,,,,,,,,,,,,,,,,,,,,,,,,,,,,,,,,,,,,,,,,,,,,,,,,,,,,,,,,,,,,,,,,,,,,,,,,,,,,,,,ไม่ใช่,,,,,,,,ใช่,"09.00 น.- 12.00 น., 18.00 น.- 21.00 น.",2 มื้่อ,,รสชาจิถูกปากมากกว่า,ค่าอาหารสด และต้องรีบทำให้เพราะอาหารอาจบูดได้,-
4/5/2024 11:17:53,คณะเภสัชศาสตร์,ปี 3 (รหัส 64),หญิง,"9,000 - 12,000 บาท",หอพักใน,"12.00 น.- 15.00 น., 18.00 น.- 21.00 น.",ใช่,"09.00 น. - 12.00 น., 18.00 น.- 21.00 น.",2 มื้อ,,"โรงอาหาร JC, โรงอาหาร SC, โรงอาหารโรงพยาบาลธรรมศาสตร์",40,"รสชาติ, ปริมาณอาหาร",4,4,4,4,5,5,2,4,3,,,5,5,4,5,5,5,4,4,3,,,4,4,5,4,4,4,4,4,3,,,,,,,,,,,,,,,,,,,,,,,,,,,,,,,,,,,,4,4,4,4,4,3,3,3,2,,,,,,,,,,,,,,ใช่,15.00 น. - 18.00 น.,1 มื้อ,,"ราคา, รสชาติ",150,อยากกินเมนูอื่นๆบ้าง,,ใช่,"06.00 น.- 09.00 น., 21.00 น.- 00.00 น., 00.00 น.- 03.00 น.",1 มื้อ,,ประหยัด,ขี้เกียจล้างอุปกรณ์ / มีอุปกรณ์ให้ใช้ไม่พอ,เพิ่มอุปกรณ์ทำอาหารในครัวกลางสำหรับมุสลิม เนื่องจากไม่สามารถใช้ร่วมกับผู้อื่นได้
4/5/2024 11:18:52,คณะสังคมสงเคราะห์ศาสตร์,ปี 2 (รหัส 65),หญิง,"9,000 - 12,000 บาท",หอพักนอก,"12.00 น.- 15.00 น., 18.00 น.- 21.00 น.",ใช่,"12.00 น.- 15.00 น., 18.00 น.- 21.00 น.",2 มื้อ,ไก่ทอดแกงกะหรี่เนื้อดาวกะเดือน,โรงอาหาร SC,50,รสชาติ,2,3,2,3,3,3,2,4,3,-,-,2,3,2,3,2,3,3,2,4,ดาวกะเดือน,ใส่แอร์,2,3,2,3,2,3,3,2,3,นิยะห์,-,2,3,2,3,2,3,2,3,3,-,-,2,3,2,3,2,3,2,3,3,-,,3,3,3,3,2,3,2,3,3,-,-,,,,,,,,,,,,,,,,,,,,,,,ใช่,18.00 น.- 21.00 น.,2 มื้่อ,ก๋วยเตี๋ยว,รสชาติ,50,ในมหาวิทยาลัยไม่มีรสชาตินี้,,ใช่,15.00 น. - 18.00 น.,1 มื้อ,,ประหยัด,ค่าไฟแพง,เพิ่มครัวและอุปกรณ์ครัว
4/5/2024 11:20:44,คณะศิลปศาสตร์,ปี 2 (รหัส 65),เพศทางเลือก (LGBTQIA+),"ต่ำกว่า 6,000 บาท",หอพักนอก,"12.00 น.- 15.00 น., 15.00 น. - 18.00 น., 18.00 น.- 21.00 น., 21.00 น. - 00.00 น.",ใช่,"09.00 น. - 12.00 น., 12.00 น.- 15.00 น., 15.00 น.- 18.00 น.",2 มื้อ,"ข้าวมันไก่, ข้าวแกงที่อยู่ด้านใน ๆ  (กรีน)  ร้านไข่เจียว(กรีนดึก) ร้านอาหารญี่ปุ่น(jc)","โรงอาหาร Green canteen, โรงอาหาร JC",50,"ราคา, รสชาติ, ระยะทาง, บรรยากาศ",3,3,2,3,3,3,5,3,3,"ข้าวมันไก่ , ข้าวแกงร้านที่อยู่ด้านใน",,3,3,3,3,3,3,2,3,2,,,3,3,3,3,3,3,3,3,3,ร้านอาหารญี่ปุ่น-เมนูข้าวหน้าทงคัตซึ,,,,,,,,,,,,,3,3,2,3,3,2,2,2,3,,ส่วนตัวคิดว่าร้อนไปหน่อย เหมือนพัดลมไม่เย็น ส่วนเรื่องแสงก็มืดไปนิด อยากให้มีเมนูเพิ่มกว่านี้อีกนิด ,,,,,,,,,,,,,,,,,,,,,,,,,,,,,,,,,,ใช่,"12.00 น.- 15.00 น., 15.00 น. - 18.00 น., 18.00 น.- 21.00 น., 21.00 น.- 00.00 น.",2 มื้่อ,หอมข้าว,"รสชาติ, ความหลากหลายของเมนู",70,อยากกินเมนูนั้น ๆ อยากเดินไปซื้อในวันที่อยากเดิน,,ไม่ใช่,,,,,,
4/5/2024 11:20:58,คณะวิศวกรรมศาสตร์,ปี 1 (รหัส 66),เพศทางเลือก (LGBTQIA+),"6,000 - 9,000 บาท",หอพักใน,"09.00 น. - 12.00 น., 12.00 น.- 15.00 น., 18.00 น.- 21.00 น., 21.00 น. - 00.00 น.",ใช่,"09.00 น. - 12.00 น., 18.00 น.- 21.00 น.",2 มื้อ,-,"โรงอาหาร SC, โรงอาหารทิวสนโดม",60,"ราคา, ปริมาณอาหาร, ความคุ้มค่า, คุณค่าทางโภชนาการ, ความหลากหลายของเมนู, ระยะทาง",3,3,4,3,4,4,2,4,3,-,-,3,4,5,3,4,5,5,5,4,-,-,3,4,3,3,4,4,2,4,4,-,-,3,4,5,3,4,5,5,5,4,-,-,3,4,2,3,4,4,4,4,4,-,-,3,3,1,2,4,1,1,4,4,-,-,4,5,5,3,5,3,3,5,4,-,-,3,4,3,3,4,1,1,4,4,-,-,ไม่ใช่,,,,,,,,ไม่ใช่,,,,,,
4/5/2024 11:22:44,คณะวิทยาศาสตร์และเทคโนโลยี,ปี 2 (รหัส 65),หญิง,"ต่ำกว่า 6,000 บาท",หอพักใน,"12.00 น.- 15.00 น., 18.00 น.- 21.00 น.",ใช่,"12.00 น.- 15.00 น., 18.00 น.- 21.00 น.",2 มื้อ,ร้านอาหารอิสลามดาวกะเดือน ,"โรงอาหาร Green canteen, โรงอาหาร SC",50,"ราคา, รสชาติ, คุณค่าทางโภชนาการ, ระยะทาง",4,5,3,4,3,4,5,3,3,ร้านอาหารอิสลาม นิ,เพิ่มร้านอาหารอิสลาม ,4,5,4,5,4,5,5,3,4,อิสลามดาวกะเดือน,เพิ่มพัดลมและปรับเป็นแอร์ ,4,3,3,4,3,3,2,3,3,ข้าวผัดผัก,,4,4,3,3,3,3,3,3,3,ก๋วยเตี๋ยวเนื้อย่างจิ้มแจ๋ว,- ,3,3,3,3,3,3,3,3,3,ไม่มีร้านอาหารอิสลาม ,,3,3,3,3,3,3,3,3,3,ไม่มี,ร้านอาหารอิสลามเพิ่มเข้าไป,3,3,3,3,3,3,3,3,3,ก๋วยเตี๋ยว,-,3,3,3,3,3,3,3,3,3,- ,-,ใช่,18.00 น.- 21.00 น.,2 มื้่อ,Tomorrow expire,"รสชาติ, คุณค่าทางโภชนาการ",70,เบื่ออาหารโรงอาหาร,,ใช่,"09.00 น.- 12.00 น., 18.00 น.- 21.00 น.",1 มื้อ,ไข่เจียว,ประหยัด ,ค่าไฟแพง,ห้องอาหารทุกชั้น
4/5/2024 11:23:01,คณะพาณิชยศาสตร์และการบัญชี,ปี 3 (รหัส 64),หญิง,"6,000 - 9,000 บาท",หอพักใน,"09.00 น. - 12.00 น., 15.00 น. - 18.00 น., 18.00 น.- 21.00 น.",ใช่,12.00 น.- 15.00 น.,2 มื้อ,"แกงกะหรี่เนื้อ ร้านอิสลามดาวกับเดือน โรงsc , ข้าวน้ำพริก โรงอาหารทิวสนโดม","โรงอาหาร SC, โรงอาหารทิวสนโดม",50,"ราคา, รสชาติ",3,3,4,3,3,4,2,4,4,ร้านบะหมี่เป็ด,-,4,4,4,4,4,4,4,4,4,ร้านอิสลาม ร้านน้องแอม ร้านบุ๊คเบ๊บ,,,,,,,,,,,,,2,4,3,3,3,4,4,4,4,ร้านข้าวน่ำพริก ร้านไก่ต้มน้ำปลา,,,,,,,,,,,,,,,,,,,,,,,,,,,,,,,,,,,,,,,,,,,,,,ใช่,18.00 น.- 21.00 น.,1 มื้อ,ไก่ทอด,"ราคา, รสชาติ, ระยะทาง",150,ไม่อยากเดินออกมาซื้อ,,ไม่ใช่,,,,,,
4/5/2024 11:24:18,คณะพาณิชยศาสตร์และการบัญชี,ปี 1 (รหัส 66),หญิง,"6,000 - 9,000 บาท",หอพักนอก,"09.00 น. - 12.00 น., 15.00 น. - 18.00 น.",ใช่,12.00 น.- 15.00 น.,2 มื้อ,น้องแอมข้าวราดแกง,โรงอาหาร SC,60,"ราคา, รสชาติ",3,3,3,3,3,3,1,3,3,ก๋วยเตี๋ยวน้ำตก,ดีแล้ว,3,3,3,3,3,3,3,3,3,น้องแอมข้าวราดแกง,ดีแล้ว,3,3,3,3,3,3,1,3,3,ไอติม,ดีแล้ว,3,3,3,3,3,2,1,3,3,ข้าวไข่ข้น,ดีแล้ว,3,3,2,3,3,2,1,3,3,ยำยูป้า,อยากให้มีความหลากหลายของอาหารมากกว่านี้,,,,,,,,,,,,,,,,,,,,,,,,,,,,,,,,,,ใช่,"09.00 น.- 12.00 น., 12.00 น.- 15.00 น., 15.00 น. - 18.00 น.",2 มื้่อ,น้ำตกคอหมูย่างร้านนายจ๊อด,"ราคา, รสชาติ, คุณค่าทางโภชนาการ",100,ระยะทาลใกล้หอพัก มีตัวเลือกหลากหลาย,สุกี้ตี๋น้อย แมคโดนัล ,ไม่ใช่,,,,,,
4/5/2024 11:24:53,คณะวิทยาศาสตร์และเทคโนโลยี,ปี 2 (รหัส 65),หญิง,"9,000 - 12,000 บาท",หอพักใน,"12.00 น.- 15.00 น., 18.00 น.- 21.00 น., 21.00 น. - 00.00 น.",ไม่ใช่,,,,,,,,,,,,,,,,,,,,,,,,,,,,,,,,,,,,,,,,,,,,,,,,,,,,,,,,,,,,,,,,,,,,,,,,,,,,,,,,,,,,,,,,,,,,,,,ใช่,"09.00 น.- 12.00 น., 12.00 น.- 15.00 น., 18.00 น.- 21.00 น., 21.00 น.- 00.00 น.",3 มื้อ,ยดซด สั่งก๋วยเตี๋ยว,"ราคา, รสชาติ, ปริมาณอาหาร, ความคุ้มค่า, ระยะทาง",50,เพราะว่าอร่อย,อยากกินปากหม้อเวียดนาม,ไม่ใช่,,,,,,
4/5/2024 11:25:05,คณะศิลปศาสตร์,ปี 3 (รหัส 64),หญิง,"12,000 - 15,000 บาท",คอนโด,09.00 น. - 12.00 น.,ใช่,09.00 น. - 12.00 น.,1 มื้อ,อิสลามดาวกะเดือน,โรงอาหาร SC,35,"ราคา, รสชาติ, ปริมาณอาหาร, ความคุ้มค่า, ระยะทาง",4,2,4,3,3,2,1,3,3,,,4,4,4,4,4,4,4,4,3,อิสลามดาวกะเดือน,,4,4,4,4,4,3,3,3,3,,,3,3,3,3,3,1,1,3,3,,,,,,,,,,,,,,,,,,,,,,,,,,,,,,,,,,,,,,,,,,,,,,,ใช่,"12.00 น.- 15.00 น., 15.00 น. - 18.00 น., 18.00 น.- 21.00 น., 21.00 น.- 00.00 น.",2 มื้่อ,,"รสชาติ, คุณค่าทางโภชนาการ, ความหลากหลายของเมนู, ระยะทาง, บรรยากาศ",70,ใกล้หอพัก อร่อย,,ไม่ใช่,,,,,,
4/5/2024 11:25:23,คณะวิทยาศาสตร์และเทคโนโลยี,ปี 2 (รหัส 65),ชาย,"6,000 - 9,000 บาท",หอพักใน,"09.00 น. - 12.00 น., 15.00 น. - 18.00 น.",ใช่,09.00 น. - 12.00 น.,1 มื้อ,กะเพราหมูกรอบ,"โรงอาหาร Green canteen, โรงอาหาร JC, โรงอาหารทิวสนโดม",50,"ราคา, รสชาติ, ปริมาณอาหาร, ระยะทาง",5,4,4,5,4,3,3,3,3,,,3,3,3,3,4,5,1,3,3,,,4,5,4,5,5,4,4,4,3,,,3,4,3,3,4,3,3,3,4,,,,,,,,,,,,,,,,,,,,,,,,,,,,,,,,,,,,,,,,,,,,,,,ใช่,18.00 น.- 21.00 น.,1 มื้อ,ก๋วยเตี๋ยว ,"รสชาติ, ความหลากหลายของเมนู",60,เมนูที่อยากกินมีหลากหลาย และอร่อย,,ไม่ใช่,,,,,,
4/5/2024 11:27:07,คณะสังคมวิทยาและมานุษยวิทยา,ปี 1 (รหัส 66),ชาย,"12,000 - 15,000 บาท",หอพักนอก,"12.00 น.- 15.00 น., 18.00 น.- 21.00 น.",ใช่,12.00 น.- 15.00 น.,2 มื้อ,มัสหมั่นไก่ ผัดฟักทอง ไข่ดาว,โรงอาหาร JC,45,"ราคา, รสชาติ, ปริมาณอาหาร, ความคุ้มค่า",3,4,5,4,5,5,1,5,1,ข้าวมันไก่,ร้อน,4,4,4,4,4,4,4,4,4,ข้าวมันไก่,ที่นั่งน้อย,4,5,4,4,5,5,5,5,3,นืยะ,ที่นั่งน้อย,,,,,,,,,,,,,,,,,,,,,,,,,,,,,,,,,,,,,,,,,,,,,,,,,,,,,,,,ใช่,18.00 น.- 21.00 น.,1 มื้อ,ร้านเสือเบินไฟ,"ราคา, รสชาติ, ปริมาณอาหาร, ความคุ้มค่า",100,สะดวก,ไม่,ไม่ใช่,,,,,,
4/5/2024 11:27:48,คณะศิลปศาสตร์,ปี 3 (รหัส 64),หญิง,"6,000 - 9,000 บาท",หอพักนอก,12.00 น.- 15.00 น.,ใช่,12.00 น.- 15.00 น.,1 มื้อ,ยำยูป้า,"โรงอาหาร JC, โรงอาหาร SC",100,"ราคา, รสชาติ",4,4,4,4,4,4,4,4,4,,,4,4,4,4,4,4,4,4,4,ยำยูป้า,,4,4,4,4,4,4,4,4,4,หิวสหาย,,4,4,4,4,4,4,4,4,4,,,4,4,4,4,4,4,4,4,4,,,4,4,4,4,4,4,4,4,4,,,4,4,4,4,4,4,,4,4,,,4,4,4,4,4,4,4,4,4,,,ใช่,"18.00 น.- 21.00 น., 21.00 น.- 00.00 น.",1 มื้อ,แมคโดนอล,รสชาติ,200,ระยะทางหอพัก,,ไม่ใช่,,,,,,
4/5/2024 11:30:31,คณะศิลปศาสตร์,ปี 1 (รหัส 66),ชาย,"6,000 - 9,000 บาท",หอพักใน,"09.00 น. - 12.00 น., 18.00 น.- 21.00 น.",ใช่,"09.00 น. - 12.00 น., 18.00 น.- 21.00 น.",2 มื้อ,ตามสั่ง ,"โรงอาหาร JC, โรงอาหาร SC, โรงอาหารทิวสนโดม",40,"ราคา, รสชาติ, ปริมาณอาหาร, ความคุ้มค่า, ความหลากหลายของเมนู",5,5,5,5,5,5,5,5,5,,,5,5,5,5,5,5,5,5,5,,,5,5,5,5,5,5,5,5,5,,,5,5,5,5,5,5,5,5,5,,,5,5,5,5,5,5,5,5,5,,,5,5,5,5,5,5,5,5,5,,,,,,,,,,,,,,,,,,,,,,,,,ใช่,"09.00 น.- 12.00 น., 18.00 น.- 21.00 น.",2 มื้่อ,,"ราคา, รสชาติ, ปริมาณอาหาร, ความคุ้มค่า, คุณค่าทางโภชนาการ, ความหลากหลายของเมนู",40,เบื่อข้าวมอ,,ไม่ใช่,,,,,,
4/5/2024 11:31:17,คณะสังคมวิทยาและมานุษยวิทยา,ปี 1 (รหัส 66),เพศทางเลือก (LGBTQIA+),"6,000 - 9,000 บาท",หอพักใน,"12.00 น.- 15.00 น., 18.00 น.- 21.00 น.",ใช่,"12.00 น.- 15.00 น., 18.00 น.- 21.00 น.",1 มื้อ,แกงส้ม ร้านนิยะห์ ครัวนครศรีฯ โรงอาหารเจซี,"โรงอาหาร Green canteen, โรงอาหาร JC",45,"ราคา, รสชาติ, ปริมาณอาหาร, ความคุ้มค่า, คุณค่าทางโภชนาการ, บรรยากาศ",5,4,3,3,4,5,3,4,4,สุกี้น้ำทะเล,กรีนกลางวันอากาศร้อน กรีนดึกบรรยากาศดี,,,,,,,,,,,,5,5,5,5,5,5,5,5,5,ครัวนิยะห์ ครัวนครศรีฯ,สะอาด เดินทางสะดวก,4,5,4,4,5,4,4,5,5,ร้านข้าวขาหมู ร้านโจ๊กทิวสน,บรรยากาศดี แต่ไม่มีไวไฟ,,,,,,,,,,,,,,,,,,,,,,,,,,,,,,,,,,,,,,,,,,,,,ใช่,18.00 น.- 21.00 น.,1 มื้อ,ชานมไข่มุก,"ราคา, รสชาติ",50,อยากกินแต่ขี้เกียจออกจากห้อง หรือขี้เกียจเดินทางไปโรงอาหาร,ฮาจิบัง,ใช่,"21.00 น.- 00.00 น., 00.00 น.- 03.00 น.",1 มื้อ,มาม่า,เงินเดือนหมด มีเงินซื้อแค่มาม่า,ทำได้แค่ไม่กี่เมนูเพราะหม้อเล็ก ,เพิ่มไมโครเวฟล่างหอใน
4/5/2024 11:31:29,คณะพยาบาลศาสตร์,ปี 3 (รหัส 64),หญิง,"6,000 - 9,000 บาท",หอพักใน,"12.00 น.- 15.00 น., 18.00 น.- 21.00 น.",ใช่,"12.00 น.- 15.00 น., 18.00 น.- 21.00 น., 21.00 น.- 00.00 น.",2 มื้อ,ก๋วยเตี๋ยวโรงอาหารโรงพยาบาล ตอนเย็นกินข้าวไข่เจียวน้ำพริกที่ทิวสน,"โรงอาหารทิวสนโดม, โรงอาหารโรงพยาบาลธรรมศาสตร์",80-150,"รสชาติ, ระยะทาง",4,3,3,4,2,3,1,3,2,"ข้าวไข่เจียว,ข้าวขาหมู",เพิ่มที่นั่ง,,,,,,,,,,,,,,,,,,,,,,,1,3,4,2,3,4,5,3,3,"ไข่เจียวน้ำพริก,เฟรนฟราย,แจ๋วฮ้อน",ที่นั่งไม่พอ,,,,,,,,,,,,,,,,,,,,,,,1,1,1,1,2,3,4,3,2,"ก๋วยเตี๋ยวต้มยำsc,,ข้าวมันไก่,ข้าวขาหมู,ไอติม","ร้อน,ที่นั่งไม่พอ,นกมาจิกข้าว",,,,,,,,,,,,ใช่,"09.00 น.- 12.00 น., 12.00 น.- 15.00 น., 18.00 น.- 21.00 น., 21.00 น.- 00.00 น.",2 มื้่อ,"ส้มตำ,ต้มเลือดหมู,ข้าวหน้าเป็ด","ราคา, รสชาติ, ปริมาณอาหาร, ความคุ้มค่า, ระยะทาง",120-180,ขี้เดียจเดินไปซื้อ,ตี๋น้อย,ใช่,"12.00 น.- 15.00 น., 15.00 น. - 18.00 น.",1 มื้อ,"สปาเกตตี้,ข้าวต้ม,ลาบ","คิดถึงข้าวฝีมือที่บ้าน,หาร้านอร่อยไม่เจอ",ปลั๊กไฟน้อย ห้องไม่ระบายกลิ่น,ขอไมโครเวฟใต้หอ
4/5/2024 11:31:34,คณะสังคมวิทยาและมานุษยวิทยา,ปี 1 (รหัส 66),หญิง,"ต่ำกว่า 6,000 บาท",หอพักใน,"12.00 น.- 15.00 น., 18.00 น.- 21.00 น., 21.00 น. - 00.00 น., 00.00 น.- 03.00 น.",ใช่,12.00 น.- 15.00 น.,1 มื้อ,ร้านนิยะห์ ร้านน้องมุก (โรง JC),"โรงอาหาร Green canteen, โรงอาหาร JC, โรงอาหารทิวสนโดม",50,"ราคา, รสชาติ, ปริมาณอาหาร, ระยะทาง, บรรยากาศ",4,3,3,3,4,4,2,3,1,ร้านชาบูเสียบไม้ ร้านออนเซ็น,อากาศร้อน,4,4,3,2,4,3,1,2,2,ร้านยำยูป้า,กินแค่ยำเพราะร้านอื่นไม่มีอะไรอร่อยเลย,5,5,5,5,5,5,5,5,5,ร้านข้าวแกงน้องมุก ร้านนิยะห์,ในวันที่เรามากินข้าวสายและคนเยอะ อยากให้มีช้อนส้อมเพียงพอสำหรับนักศึกษา,5,5,4,5,5,5,4,5,5,โจ๊กทิวสน ข้าวขาหมู หมี่ไก่ฉีก,อยากให้มีร้านเพิ่มและมีที่นั่งเพิ่มอีกเยอะ ๆๆๆ,,,,,,,,,,,,,,,,,,,,,,,,,,,,,,,,,,,,,,,,,,,,,ใช่,"21.00 น.- 00.00 น., 00.00 น.- 03.00 น.",1 มื้อ,กะเพรานายจ๊อด,"ราคา, รสชาติ, ปริมาณอาหาร, ความคุ้มค่า, ระยะทาง",120,เป็นร้านเดียวที่เปิดกลางดึก,ฮาจิบัง,ใช่,"18.00 น.- 21.00 น., 21.00 น.- 00.00 น., 00.00 น.- 03.00 น.",1 มื้อ,มาม่าต้มยำใส่ไข่,เพราะเงินเดือนหมด มีเงินซื้อแค่มาม่า,ทำได้แค่ไม่กี่เมนู และต้องล้างจานเอง,ขอไมโครเวฟไว้ล่างหอใน เพราะถ้าต้องเดินไปครัวกลางกลางดึก เรายอมไม่กินดีกว่า
4/5/2024 11:32:00,คณะสังคมวิทยาและมานุษยวิทยา,ปี 1 (รหัส 66),เพศทางเลือก (LGBTQIA+),"12,000 - 15,000 บาท",หอพักนอก,"12.00 น.- 15.00 น., 15.00 น. - 18.00 น., 18.00 น.- 21.00 น., 21.00 น. - 00.00 น.",ใช่,"12.00 น.- 15.00 น., 15.00 น.- 18.00 น.",2 มื้อ,ข้าวคลุกน้ำพริกผักทอด,"โรงอาหาร Green canteen, โรงอาหาร JC, โรงอาหารทิวสนโดม",60 บาท,"ราคา, รสชาติ, ความคุ้มค่า, ความหลากหลายของเมนู",3,3,4,3,3,4,2,2,2,อาหารตามสั่ง ข้าวมั่นไก่,ควรปรับปรุงเรื่องความถ่ายเทของอากาศ,,,,,,,,,,,,4,4,3,4,4,4,5,4,3,ครัวนิยะห์ จะเอ๋,บริเวณที่นั่งมีจำกัด ไม่เพียงพอต่อจำนวนคนใช้บริการ,3,4,4,3,3,3,2,3,4,ข้าวขาหมู โจ๊ก,เพิ่มจำนวนที่นั่ง,,,,,,,,,,,,,,,,,,,,,,,,,,,,,,,,,,,,,,,,,,,,,ใช่,"12.00 น.- 15.00 น., 18.00 น.- 21.00 น., 21.00 น.- 00.00 น.",2 มื้่อ,"ไก่ kfc, หมูกระทะ, อาหารตามสั่ง","ราคา, รสชาติ, ความหลากหลายของเมนู",130,ไม่มีอาหารชนิดนั้นในมหาลัย,ไม่มี,ไม่ใช่,,,,,,
4/5/2024 11:35:24,คณะศิลปศาสตร์,ปี 1 (รหัส 66),ชาย,"9,000 - 12,000 บาท",หอพักใน,"12.00 น.- 15.00 น., 18.00 น.- 21.00 น.",ใช่,12.00 น.- 15.00 น.,2 มื้อ,จ๊ะเอ๋ครัวไทย,"โรงอาหาร JC, โรงอาหาร SC",50,"ราคา, รสชาติ, ปริมาณอาหาร, ความคุ้มค่า, คุณค่าทางโภชนาการ, ความหลากหลายของเมนู",5,3,4,2,2,4,1,5,2,-,รสชาติอาหาร,5,4,3,4,4,5,5,5,3,น้องแอม บุ้คเบ้บ,อากาศร้อน ติดพัดลมเพิ่ม แมลงวันตอม,5,5,5,5,5,5,5,5,5,,,3,3,3,2,5,5,2,3,4,หมี่ไก่ฉีก,ความหลากหลายของอาหาร,,,,,,,,,,,,,,,,,,,,,,,,,,,,,,,,,,,,,,,,,,,,,ใช่,"15.00 น. - 18.00 น., 21.00 น.- 00.00 น.",2 มื้่อ,ข้าวตามสั่ง,"ราคา, ปริมาณอาหาร, ความคุ้มค่า",80,ไกล,ก๋วยเตี๋ยวเรือพระนคร ร้านปิ้งย่าง,ใช่,21.00 น.- 00.00 น.,1 มื้อ,ผัดผัก,ปรุงรสตามใจ คลีน,หาวัตถุดิบ,เพิ่มร้านขายของสดในบริเวณมหาลัย
4/5/2024 11:38:59,คณะวิทยาศาสตร์และเทคโนโลยี,ปี 3 (รหัส 64),ชาย,"9,000 - 12,000 บาท",หอพักนอก,"12.00 น.- 15.00 น., 00.00 น.- 03.00 น.",ใช่,12.00 น.- 15.00 น.,1 มื้อ,กะเพราหมูกรอบ,"โรงอาหาร JC, โรงอาหาร SC, โรงอาหารคณะวิทยาศาตร์",70,"ราคา, รสชาติ, ปริมาณอาหาร, ความคุ้มค่า, คุณค่าทางโภชนาการ, ความหลากหลายของเมนู, ระยะทาง, บรรยากาศ",3,5,4,4,4,3,2,2,2,กะเพราหมูกรอบ,อากาศร้อน,5,5,5,5,3,4,5,4,4,กะเพราหมูกรอบ,อากาศร้อน,5,5,5,5,4,4,5,4,3,กะเพราหมูกรอบ,อากาศร้อน,,,,,,,,,,,,4,4,2,3,3,5,4,4,3,ข้าวไข่เจียว,พื้นที่น้อย,,,,,,,,,,,,,,,,,,,,,,,,,,,,,,,,,,ใช่,"18.00 น.- 21.00 น., 00.00 น.- 03.00 น.",2 มื้่อ,หมูกรอบผัดพริกเกลือ,"ราคา, รสชาติ, ปริมาณอาหาร, ความคุ้มค่า, คุณค่าทางโภชนาการ, ความหลากหลายของเมนู, ระยะทาง, บรรยากาศ",80,ใกล้หอพัก,,ไม่ใช่,,,,,,
4/5/2024 11:49:52,คณะศิลปศาสตร์,ปี 1 (รหัส 66),หญิง,"ต่ำกว่า 6,000 บาท",หอพักนอก,"12.00 น.- 15.00 น., 15.00 น. - 18.00 น.",ใช่,12.00 น.- 15.00 น.,1 มื้อ,หมูกรอบคั่วพริกเกลือ ร้านกับข้าว ในโรงกรีน,โรงอาหาร Green canteen,60,"ราคา, รสชาติ, ความหลากหลายของเมนู, ระยะทาง, บรรยากาศ",3,4,4,4,4,4,4,4,4,"ร้านกับข้าว
ร้านออนเซ็น",,,,,,,,,,,,,,,,,,,,,,,,,,,,,,,,,,,,,,,,,,,,,,,,,,,,,,,,,,,,,,,,,,,,,,,,,,,,,,,ใช่,15.00 น. - 18.00 น.,1 มื้อ,ชินคันเซ็น,"ราคา, รสชาติ, ความคุ้มค่า",120,โรงอาหารไม่มีเมนูที่อยากกิน,,ไม่ใช่,,,,,,
4/5/2024 11:53:12,คณะนิติศาสตร์,ปี 1 (รหัส 66),ชาย,"6,000 - 9,000 บาท",หอพักใน,"06.00 น. - 09.00 น., 09.00 น. - 12.00 น., 12.00 น.- 15.00 น., 15.00 น. - 18.00 น., 18.00 น.- 21.00 น.",ใช่,"09.00 น. - 12.00 น., 12.00 น.- 15.00 น., 15.00 น.- 18.00 น.",1 มื้อ,ข้าวแกงน้องแอม,"โรงอาหาร Green canteen, โรงอาหาร SC",50,"ราคา, รสชาติ, ปริมาณอาหาร, ความคุ้มค่า, คุณค่าทางโภชนาการ, ความหลากหลายของเมนู, ระยะทาง",5,4,4,4,2,4,4,4,3,,ทำให้โรงกรีนเลิกเป็นรังนก,2,3,3,3,2,5,5,4,4,,,,,,,,,,,,,,1,1,2,1,2,4,2,4,5,,,,,,,,,,,,,,,,,,,,,,,,,,,,,,,,,,,,,,,,,,,,,,,ใช่,15.00 น. - 18.00 น.,1 มื้อ,,"ราคา, รสชาติ, ปริมาณอาหาร, ความคุ้มค่า, คุณค่าทางโภชนาการ, ความหลากหลายของเมนู",50,ในม.ไม่มีอะไรกิน,,ไม่ใช่,,,,,,
4/5/2024 11:55:47,คณะนิติศาสตร์,ปี 2 (รหัส 65),หญิง,"6,000 - 9,000 บาท",หอพักนอก,"06.00 น. - 09.00 น., 12.00 น.- 15.00 น., 15.00 น. - 18.00 น.",ไม่ใช่,,,,,,,,,,,,,,,,,,,,,,,,,,,,,,,,,,,,,,,,,,,,,,,,,,,,,,,,,,,,,,,,,,,,,,,,,,,,,,,,,,,,,,,,,,,,,,,ใช่,"06.00 น. - 09.00 น., 09.00 น.- 12.00 น., 12.00 น.- 15.00 น.",2 มื้่อ,ผัดกะเพรา,"รสชาติ, ระยะทาง",50-100,ใกล้กับหอนอก,MC Donald ,ไม่ใช่,,,,,,
4/5/2024 12:08:59,คณะนิติศาสตร์,ปี 2 (รหัส 65),หญิง,"ต่ำกว่า 6,000 บาท",หอพักใน,"09.00 น. - 12.00 น., 12.00 น.- 15.00 น., 15.00 น. - 18.00 น.",ใช่,"12.00 น.- 15.00 น., 15.00 น.- 18.00 น.",2 มื้อ,"ร้านข้าวขาหมู โรงกรีน, จ๊ะเอ๋ ครัวไทย ","โรงอาหาร Green canteen, โรงอาหาร JC, โรงอาหาร SC, โรงอาหารทิวสนโดม",50,"ราคา, รสชาติ, ปริมาณอาหาร",5,4,3,4,4,5,4,3,3,ข้าวขาหมู ข้าวมันไก่,-,4,5,3,4,3,5,3,3,3,ร้านข้าวไข่เจียว,ที่กรองน้ำไม่ค่อยเปลี่ยนไส้กรอง,4,4,3,4,4,5,5,4,4,จ๊ะเอ๋ครัวไทย ร้านนิยะฯ,ที่กรอกน้ำมักจะไม่เย็น,3,3,4,3,3,5,3,5,5,ล้านอร่อย,ปรับปรุงราคาและปริมาณ,,,,,,,,,,,,,,,,,,,,,,,,,,,,,,,,,,,,,,,,,,,,,ใช่,"15.00 น. - 18.00 น., 18.00 น.- 21.00 น.",1 มื้อ,ข้าวไข่เจียวหอยนางรม,"รสชาติ, ความหลากหลายของเมนู",50,ในโรงอาหารไม่มีเมนูที่อยากกิน,ทาโก้ ซับเวย์,ไม่ใช่,,,,,,
4/5/2024 12:24:56,คณะนิติศาสตร์,ปี 3 (รหัส 64),หญิง,"ต่ำกว่า 6,000 บาท",บ้าน,"06.00 น. - 09.00 น., 12.00 น.- 15.00 น., 18.00 น.- 21.00 น.",ใช่,09.00 น. - 12.00 น.,1 มื้อ,ข้าวซอยไก่ ที่โรงอาหารกรีน,โรงอาหาร Green canteen,50,"รสชาติ, ความคุ้มค่า",1,2,1,2,2,3,3,3,2,ร้านข้าวซอย ร้านข้าวมันไก่,แก้ไขราคาอาหาร กับห้องน้ำ,3,3,3,3,1,2,2,3,1,ร้านยูป้า,นกเยอะเกินไป,3,3,3,3,3,3,3,3,1,ข้าวน้ำพริก,นกเยอะไป,,,,,,,,,,,,,,,,,,,,,,,,,,,,,,,,,,,,,,,,,,,,,,,,,,,,,,,,ใช่,15.00 น. - 18.00 น.,1 มื้อ,ร้านหมาล่า,"รสชาติ, ความหลากหลายของเมนู",150,ชอบกินหมาล่า ที่โรงอาหารไม่มี,ร้านหมาล่าราคาถูก,ไม่ใช่,,,,,,
4/5/2024 14:41:48,คณะสังคมวิทยาและมานุษยวิทยา,ปี 4 (รหัส 63),หญิง,"12,000 - 15,000 บาท",หอพักนอก,"06.00 น. - 09.00 น., 09.00 น. - 12.00 น., 18.00 น.- 21.00 น.",ใช่,12.00 น.- 15.00 น.,1 มื้อ,เตี๋ยวชาบู ,"โรงอาหาร JC, โรงอาหารโรงพยาบาลธรรมศาสตร์",80,"รสชาติ, ปริมาณอาหาร, ความหลากหลายของเมนู, คนต่อแถวน้อย",,,,,,,,,,,,4,3,3,2,3,4,4,3,3,ยำยูป้า ร้านไข่เจียว,บรรยากาศอึมครึม ข้าวให้น้อยกว่าโรงอาหารอื่น,4,5,5,5,5,5,5,4,3,เตี๋ยวชาบู ร้านที่ขายข้าวน้ำพริก,ข้าวให้เยอะมาก แต่คนเยอะเกินที่เดินน้อย ชั้นสองร้อนเหมือนกินข้าวในนรก,2,4,4,4,3,1,2,2,4,,ไกล โปรโมทน้อย ไม่มีที่จอดรถ,,,,,,,,,,,,,,,,,,,,,,,5,3,4,3,2,2,4,5,3,ร้านเล้ง ,ดูไม่สะอาด ไม่เหมือนโรงอาหารในรพ นั่งกินแล้วเหมือนจะป่วย,,,,,,,,,,,,ใช่,18.00 น.- 21.00 น.,2 มื้่อ,หมี่ไก่ฉีก เกี๋ยวหมูเด้งหม่าล่า ข้าวตามสั่ง,"ราคา, รสชาติ, ปริมาณอาหาร, ความคุ้มค่า, ความหลากหลายของเมนู, มีข้าว+น้ำรวมกัน จะได้ประหยัด",150,มีเมนูเยอะกว่า ไม่ต้องเดินทาง ถ้าไม่ใช่โรงอาหารของมหาวิทยาลัยราคาก็แทบจะเท่ากดสั่งแบบใช้โค้ด,ขอถูกๆ อร่อยๆ ที่นั่งเยอะ บริการดี เชื่อว่าถ้าทำได้อาหารอะไรก็น่ากิน,ไม่ใช่,,,,,,
4/5/2024 15:04:53,คณะวิศวกรรมศาสตร์,ปี 2 (รหัส 65),หญิง,"6,000 - 9,000 บาท",หอพักใน,"12.00 น.- 15.00 น., 18.00 น.- 21.00 น.",ใช่,"12.00 น.- 15.00 น., 18.00 น.- 21.00 น.",2 มื้อ,จ๊ะเอ๋ครัวไทย,"โรงอาหาร JC, โรงอาหาร SC",70,"ราคา, รสชาติ, ปริมาณอาหาร",4,4,4,3,4,4,4,3,3,ขนมเบื้อง,,3,3,3,3,3,4,3,4,3,ก๋วยเตี๋ยวมะระ,,3,4,4,4,4,3,3,4,3,จ๊ะเอ๋ ,,4,4,4,4,4,4,4,4,4,ขนมเบื้อง,,3,3,3,3,3,3,3,4,3,ข้าวหน้าเป็ด,,4,4,4,4,4,3,3,4,3,ข้าวมันไก่,,4,4,4,4,4,4,4,4,4,,,,,,,,,,,,,,ใช่,"12.00 น.- 15.00 น., 18.00 น.- 21.00 น.",2 มื้่อ,ส้มตำ,"ราคา, รสชาติ, ความหลากหลายของเมนู, ระยะทาง",100,ความหลากหลายของเมนู,ส้มตำ,ไม่ใช่,,,,,,
4/8/2024 21:19:06,คณะวิทยาศาสตร์และเทคโนโลยี,ปี 4 (รหัส 63),หญิง,"12,000 - 15,000 บาท",บ้าน,"12.00 น.- 15.00 น., 18.00 น.- 21.00 น.",ไม่ใช่,,,,,,,,,,,,,,,,,,,,,,,,,,,,,,,,,,,,,,,,,,,,,,,,,,,,,,,,,,,,,,,,,,,,,,,,,,,,,,,,,,,,,,,,,,,,,,,ไม่ใช่,,,,,,,,ใช่,"12.00 น.- 15.00 น., 15.00 น. - 18.00 น.",2 มื้่อ,คาโบนาร่า,เลือกวัตถุดิบเองได้ดีกว่า,ใช้เวลานาน,-
4/10/2024 10:46:21,คณะศิลปศาสตร์,ปี 1 (รหัส 66),ไม่ระบุ,"6,000 - 9,000 บาท",หอพักนอก,"06.00 น. - 09.00 น., 12.00 น.- 15.00 น., 18.00 น.- 21.00 น., 21.00 น. - 00.00 น.",ไม่ใช่,,,,,,,,,,,,,,,,,,,,,,,,,,,,,,,,,,,,,,,,,,,,,,,,,,,,,,,,,,,,,,,,,,,,,,,,,,,,,,,,,,,,,,,,,,,,,,,ใช่,"09.00 น.- 12.00 น., 12.00 น.- 15.00 น., 15.00 น. - 18.00 น., 18.00 น.- 21.00 น., 21.00 น.- 00.00 น.",2 มื้่อ,Food Court TU DOME,"ราคา, รสชาติ, ความหลากหลายของเมนู",75-100 บาท,สะดวกกว่า เนื่องจากใกล้หอพักกว่าและมีบริการส่งอาหาร บางครั้งวันที่ไปเรียนมอน้อยกว่าอยู่หอและบางครั้งโรงอาหารที่มอคนเยอะ ส่วนตัวถ้าไม่มีเรียนบ่ายจะชอบกลับหอแล้วมากินแถวหอมากกว่า จะได้ไม่ต้องแวะหลายที่,ร้านก๊วยเตี๋ยวเนื้อตุ๋น/เนื้อเปื่อย น้ำใส น้ำตกได้หมดเลย ปกติจะเจอแต่ก๊วยเตี๋ยวเรือ,ไม่ใช่,,,,,,
4/10/2024 13:58:45,คณะวิทยาศาสตร์และเทคโนโลยี,ปี 2 (รหัส 65),หญิง,"9,000 - 12,000 บาท",หอพักใน,"06.00 น. - 09.00 น., 12.00 น.- 15.00 น., 21.00 น. - 00.00 น.",ใช่,"09.00 น. - 12.00 น., 15.00 น.- 18.00 น., 21.00 น.- 00.00 น.",3 มื้อ,ผัดไท,"โรงอาหาร Green canteen, โรงอาหาร JC, โรงอาหาร SC, โรงอาหารคณะวิทยาศาตร์, โรงอาหารโรงพยาบาลธรรมศาสตร์",40-70 ,"ราคา, รสชาติ, ปริมาณอาหาร, ความคุ้มค่า",5,5,4,5,5,5,3,4,4,ผัดไทธรรมดา,มันอบร้อน,5,5,5,5,5,5,5,5,5,ยูป้า,พักเที่ยงคนเยอะ,5,5,5,5,5,5,5,5,5,"หิวสหาย 
",พักเที่ยงหาที่นั่งยาก,5,5,4,5,5,5,5,5,5,เส้นคลุกคลุก,ร้านอาหารน้อย,5,5,4,5,5,5,5,5,4,ยำยูป้าเพราะให้หมูเยอะมาก,-ร้อน พักเที่ยงคนเยอะที่นั่งไม่เพียงพอ,,,,,,,,,,,,5,5,5,5,5,5,5,5,5,ร้านขนมไทย อร่อยมาก,ของกินอร่อย,,,,,,,,,,,,ใช่,18.00 น.- 21.00 น.,2 มื้่อ,หมี่ไก่ฉีก ,"ราคา, รสชาติ, ปริมาณอาหาร, ความคุ้มค่า",40-70,เบื่ออาหารในโรงอาหารแล้ว,ร้านบิงซู,ใช่,06.00 น.- 09.00 น.,1 มื้อ,ไข่ดาว / ผัดผัก,ประหยัด,ต้องล้างจานเอง แล้วเริ่มขี้เกียจ,เคยไปไฃใช้ครัวกลางครั้งนึงแต่ครกบอบบางมาก ตำส้มตำกินไม่ได้เลย อยากให้เพิ่มครกที่มันทนทานกว่านี้ แล้วก็พวกอุปกรณ์ในครัวกลางควรมีให้ครบ 
4/11/2024 11:25:07,คณะวิศวกรรมศาสตร์,ปี 4 (รหัส 63),ชาย,"9,000 - 12,000 บาท",หอพักนอก,"12.00 น.- 15.00 น., 18.00 น.- 21.00 น., 21.00 น. - 00.00 น.",ไม่ใช่,,,,,,,,,,,,,,,,,,,,,,,,,,,,,,,,,,,,,,,,,,,,,,,,,,,,,,,,,,,,,,,,,,,,,,,,,,,,,,,,,,,,,,,,,,,,,,,ใช่,"12.00 น.- 15.00 น., 18.00 น.- 21.00 น., 21.00 น.- 00.00 น.",3 มื้อ,ก๋วยเตี๋ยวต้มยำ,ระยะทาง,60,ระยะทาง,ร้านข้าวแกง,ไม่ใช่,,,,,,
4/11/2024 22:14:49,คณะวิทยาศาสตร์และเทคโนโลยี,ปี 2 (รหัส 65),ชาย,"6,000 - 9,000 บาท",หอพักนอก,"12.00 น.- 15.00 น., 15.00 น. - 18.00 น., 18.00 น.- 21.00 น., 21.00 น. - 00.00 น.",ใช่,"09.00 น. - 12.00 น., 12.00 น.- 15.00 น., 15.00 น.- 18.00 น.",1 มื้อ,ก๋วยเตี๋ยว ,โรงอาหาร Green canteen,60,"ราคา, รสชาติ, ปริมาณอาหาร, ความคุ้มค่า, ระยะทาง",4,4,2,3,2,3,3,2,2,,,,,,,,,,,,,,,,,,,,,,,,,,,,,,,,,,,,,,,,,,,,,,,,,,,,,,,,,,,,,,,,,,,,,,,,,,,,,,,,ใช่,"12.00 น.- 15.00 น., 15.00 น. - 18.00 น., 18.00 น.- 21.00 น.",2 มื้่อ,ไก่ทอด,"ราคา, รสชาติ, ปริมาณอาหาร, ระยะทาง",100,ใกล้หอพัก ,ตี๋น้อย,ไม่ใช่,,,,,,
4/11/2024 22:16:53,คณะวิทยาศาสตร์และเทคโนโลยี,ปี 3 (รหัส 64),หญิง,"9,000 - 12,000 บาท",หอพักนอก,"09.00 น. - 12.00 น., 12.00 น.- 15.00 น., 15.00 น. - 18.00 น., 18.00 น.- 21.00 น.",ใช่,"09.00 น. - 12.00 น., 12.00 น.- 15.00 น.",1 มื้อ,ข้าวราดแกง,โรงอาหารคณะวิทยาศาตร์,50,ระยะทาง,,,,,,,,,,,,,,,,,,,,,,,,,,,,,,,,,,,,,,,,,,,,,4,2,2,3,2,4,5,2,3,,,,,,,,,,,,,,,,,,,,,,,,,,,,,,,,,,,,ใช่,"15.00 น. - 18.00 น., 18.00 น.- 21.00 น.",2 มื้่อ,ไก่ย่าง,"ราคา, รสชาติ, ระยะทาง",50,ใกล้หอพัก ,ตี๋น้อย,ไม่ใช่,,,,,,
4/11/2024 22:23:00,คณะวิทยาศาสตร์และเทคโนโลยี,ปี 2 (รหัส 65),เพศทางเลือก (LGBTQIA+),"6,000 - 9,000 บาท",หอพักนอก,"09.00 น. - 12.00 น., 12.00 น.- 15.00 น., 15.00 น. - 18.00 น., 18.00 น.- 21.00 น., 21.00 น. - 00.00 น.",ใช่,12.00 น.- 15.00 น.,1 มื้อ,ข้าวไข่เจียว,"โรงอาหาร Green canteen, โรงอาหาร SC",50,"ราคา, รสชาติ, ระยะทาง",5,4,2,4,3,3,3,1,1,,,4,4,4,3,1,4,2,1,1,,,,,,,,,,,,,,,,,,,,,,,,,,,,,,,,,,,,,,,,,,,,,,,,,,,,,,,,,,,,,,,,,,,,,ใช่,"15.00 น. - 18.00 น., 18.00 น.- 21.00 น.",2 มื้่อ,ข้าวขาหมู,"ราคา, รสชาติ, ปริมาณอาหาร, ระยะทาง",60,สะดวก ใกล้หอ ,ลัคกี้สุกี้,ไม่ใช่,,,,,,
4/12/2024 12:39:30,คณะพาณิชยศาสตร์และการบัญชี,ปี 2 (รหัส 65),ชาย,"9,000 - 12,000 บาท",หอพักนอก,"06.00 น. - 09.00 น., 09.00 น. - 12.00 น., 18.00 น.- 21.00 น., 21.00 น. - 00.00 น.",ใช่,"09.00 น. - 12.00 น., 12.00 น.- 15.00 น., 18.00 น.- 21.00 น.",2 มื้อ,ข้าวไข่เจียว,"โรงอาหาร JC, โรงอาหาร SC",70,"รสชาติ, ปริมาณอาหาร, ระยะทาง",,,,,,,,,,,,3,4,3,3,4,5,4,3,3,ยำมาม่า,เพิ่มที่นั่ง,4,4,4,3,4,4,5,4,4, ร้านข่าวราดแกง,-,,,,,,,,,,,,,,,,,,,,,,,,,,,,,,,,,,,,,,,,,,,,,,,,,,,,,,,,ใช่,"06.00 น. - 09.00 น., 21.00 น.- 00.00 น., 00.00 น.- 03.00 น.",2 มื้่อ,หมูปิ้ง,"ราคา, ระยะทาง",40,โรงอาหารปิด/ยังไม่เปิด,Mcdonald,ไม่ใช่,,,,,,
4/12/2024 16:19:35,คณะวิทยาศาสตร์และเทคโนโลยี,ปี 2 (รหัส 65),ชาย,"9,000 - 12,000 บาท",หอพักนอก,"06.00 น. - 09.00 น., 12.00 น.- 15.00 น., 18.00 น.- 21.00 น., 21.00 น. - 00.00 น.",ใช่,12.00 น.- 15.00 น.,1 มื้อ,ข้ามหมกไก่,"โรงอาหาร Green canteen, โรงอาหารคณะวิทยาศาตร์",70,"รสชาติ, ระยะทาง",3,4,5,3,4,2,5,4,4,ข้าวหมกไก่ ก๋วยเตี๋ยว,ร้อนเกิน,,,,,,,,,,,,,,,,,,,,,,,,,,,,,,,,,,3,4,2,3,3,5,4,3,2,ข้าวไก่อบ,ดูแลความสะอาดหน่อย,,,,,,,,,,,,,,,,,,,,,,,,,,,,,,,,,,ใช่,18.00 น.- 21.00 น.,1 มื้อ,ซาลาเปา,"รสชาติ, อยากกิน",50,ร้านอยู่ใหล้หอ,ไก่ 5 ดาว,ใช่,"06.00 น.- 09.00 น., 18.00 น.- 21.00 น.",2 มื้่อ,ข้าวไข่เจียว,ขี้เกียจออกจากห้อง,หาของสดยาก,เปิดตลาดของสด
4/14/2024 14:52:44,คณะวิทยาศาสตร์และเทคโนโลยี,ปี 3 (รหัส 64),ชาย,"6,000 - 9,000 บาท",หอพักใน,"06.00 น. - 09.00 น., 12.00 น.- 15.00 น., 18.00 น.- 21.00 น.",ใช่,"06.00 น.- 09.00 น., 12.00 น.- 15.00 น.",2 มื้อ,ข้าวราดแกง,"โรงอาหาร Green canteen, โรงอาหารคณะวิทยาศาตร์",50,"ราคา, ปริมาณอาหาร, ความคุ้มค่า",3,4,5,4,4,2,5,4,4,ร้านข้าวราดแกง,ติดพัดลมเพิ่ม,,,,,,,,,,,,,,,,,,,,,,,,,,,,,,,,,,3,3,2,3,3,5,4,3,3,ร้านข้าวราดแกง,ดูแลความสะอาด,,,,,,,,,,,,,,,,,,,,,,,,,,,,,,,,,,ใช่,18.00 น.- 21.00 น.,1 มื้อ,ข้าวไก่ซอสเกาหลี,ความคุ้มค่า,50,โรงอาหารปิด,ร้านอาหารตามสั่งที่เปิดถึงกลางคืน,ไม่ใช่,,,,,,
4/14/2024 15:36:40,คณะวิทยาศาสตร์และเทคโนโลยี,ปี 1 (รหัส 66),ชาย,"12,000 - 15,000 บาท",หอพักนอก,"06.00 น. - 09.00 น., 12.00 น.- 15.00 น., 18.00 น.- 21.00 น., 21.00 น. - 00.00 น.",ใช่,12.00 น.- 15.00 น.,1 มื้อ,ข้าวหมกไก่,"โรงอาหาร Green canteen, โรงอาหาร SC, โรงอาหารคณะวิทยาศาตร์",70,"รสชาติ, ความคุ้มค่า",4,5,5,4,4,2,4,4,3,ข้าวหมกไก่,ติดเครื่องปรับอากาศ,4,4,4,4,4,5,2,3,3,ข้าวมันไก่,เพิ่มที่นั่ง,,,,,,,,,,,,,,,,,,,,,,,3,4,2,3,3,5,4,3,3,ข้าวไก่อบ,เพิ่มจำนวนร้าน,,,,,,,,,,,,,,,,,,,,,,,,,,,,,,,,,,ไม่ใช่,,,,,,,,ใช่,"06.00 น.- 09.00 น., 21.00 น.- 00.00 น.",2 มื้่อ,ไข่ดาว,ไม่อยากออกจากห้อง,-,จัดตลาดขายของสด
4/14/2024 15:49:08,คณะเศรษฐศาสตร์,ปี 1 (รหัส 66),ชาย,"6,000 - 9,000 บาท",หอพักใน,"09.00 น. - 12.00 น., 12.00 น.- 15.00 น., 15.00 น. - 18.00 น., 18.00 น.- 21.00 น.",ไม่ใช่,,,,,,,,,,,,,,,,,,,,,,,,,,,,,,,,,,,,,,,,,,,,,,,,,,,,,,,,,,,,,,,,,,,,,,,,,,,,,,,,,,,,,,,,,,,,,,,ใช่,"09.00 น.- 12.00 น., 12.00 น.- 15.00 น., 15.00 น. - 18.00 น., 18.00 น.- 21.00 น.",2 มื้่อ,ร้านหมาล่า,"รสชาติ, ปริมาณอาหาร, ความคุ้มค่า",100,ใกล้หอ สะดวก อร่อน,ตี๋น้อย,ไม่ใช่,,,,,,
4/14/2024 15:50:01,คณะวารสารศาสตร์และสื่อสารมวลชน,ปี 2 (รหัส 65),ชาย,"9,000 - 12,000 บาท",หอพักนอก,"09.00 น. - 12.00 น., 12.00 น.- 15.00 น., 18.00 น.- 21.00 น.",ใช่,12.00 น.- 15.00 น.,1 มื้อ,อาหารญี่ปุ่น,"โรงอาหาร JC, โรงอาหาร SC",60,รสชาติ,,,,,,,,,,,,3,3,4,4,4,5,3,3,3,ยำมาม่า,เพิ่มที่นั่ง,4,3,5,3,4,5,5,4,4,ร้านอาหารญี่ปุ่น,พัดลมด้านบนแรงไปหน่อย,,,,,,,,,,,,,,,,,,,,,,,,,,,,,,,,,,,,,,,,,,,,,,,,,,,,,,,,ใช่,"06.00 น. - 09.00 น., 15.00 น. - 18.00 น.",2 มื้่อ,ข้าวเหนียวหมูย่าง,"ราคา, รสชาติ",40,อยากกิน,สเต็ก,ไม่ใช่,,,,,,
4/14/2024 16:00:57,คณะวิศวกรรมศาสตร์,ปี 1 (รหัส 66),หญิง,"12,000 - 15,000 บาท",คอนโด,"09.00 น. - 12.00 น., 12.00 น.- 15.00 น., 15.00 น. - 18.00 น.",ไม่ใช่,,,,,,,,,,,,,,,,,,,,,,,,,,,,,,,,,,,,,,,,,,,,,,,,,,,,,,,,,,,,,,,,,,,,,,,,,,,,,,,,,,,,,,,,,,,,,,,ใช่,"12.00 น.- 15.00 น., 15.00 น. - 18.00 น.",2 มื้่อ,สเต็ก ข้าวขาหมู,"ราคา, รสชาติ, ปริมาณอาหาร, ระยะทาง",150,อร่อย สะดวก ตามเพื่อน,ตี๋น้อย eatamare,ไม่ใช่,,,,,,
4/14/2024 16:04:20,คณะวิทยาศาสตร์และเทคโนโลยี,ปี 2 (รหัส 65),ชาย,"6,000 - 9,000 บาท",หอพักนอก,"09.00 น. - 12.00 น., 12.00 น.- 15.00 น., 15.00 น. - 18.00 น., 18.00 น.- 21.00 น.",ใช่,"09.00 น. - 12.00 น., 12.00 น.- 15.00 น., 15.00 น.- 18.00 น.",1 มื้อ,ก๋วยเตี๋ยว ชาบูเสียบไม้ เบอร์เกอร์,"โรงอาหาร Green canteen, โรงอาหารคณะวิทยาศาตร์",50,"ราคา, รสชาติ, ระยะทาง",5,4,3,4,2,3,5,2,2,,,,,,,,,,,,,,,,,,,,,,,,,,,,,,,,,,,,4,4,2,2,3,2,2,1,1,,,,,,,,,,,,,,,,,,,,,,,,,,,,,,,,,,,,ใช่,"12.00 น.- 15.00 น., 15.00 น. - 18.00 น., 18.00 น.- 21.00 น., 21.00 น.- 00.00 น.",1 มื้อ,ไก่ทอด ข้าวขาหมู,"ราคา, รสชาติ, ปริมาณอาหาร, ระยะทาง",60,ใกล้หอ,Macdonal ตี๋น้อย,ไม่ใช่,,,,,,
4/14/2024 17:05:27,คณะวารสารศาสตร์และสื่อสารมวลชน,ปี 3 (รหัส 64),หญิง,"9,000 - 12,000 บาท",หอพักใน,"09.00 น. - 12.00 น., 12.00 น.- 15.00 น., 15.00 น. - 18.00 น., 18.00 น.- 21.00 น.",ใช่,"09.00 น. - 12.00 น., 12.00 น.- 15.00 น., 15.00 น.- 18.00 น.",2 มื้อ,ข้าวไข่เจียว ,"โรงอาหาร Green canteen, โรงอาหาร JC, โรงอาหาร SC",50,"ราคา, รสชาติ, ระยะทาง",4,4,3,3,2,3,2,3,3,ข้าวไข่เจียว,,4,4,4,4,2,4,4,3,3,ข้าวไข่เจียว ,,4,5,4,4,5,5,5,3,4,ร้านข้าวมันไก่ ,,,,,,,,,,,,,,,,,,,,,,,,,,,,,,,,,,,,,,,,,,,,,,,,,,,,,,,,,ไม่ใช่,,,,,,,,ไม่ใช่,,,,,,
4/14/2024 17:11:35,คณะวิทยาศาสตร์และเทคโนโลยี,ปี 4 (รหัส 63),ชาย,"6,000 - 9,000 บาท",บ้าน,"06.00 น. - 09.00 น., 12.00 น.- 15.00 น., 18.00 น.- 21.00 น.",ใช่,12.00 น.- 15.00 น.,1 มื้อ,ก๋วยเตี๋ยว,"โรงอาหาร Green canteen, โรงอาหารคณะวิทยาศาตร์",50,"ราคา, รสชาติ",4,4,5,4,4,3,5,4,3,ก๋วยเตี๋ยว,หาทางทำให้ภายในโรงอาหารเย็นขึ้น,,,,,,,,,,,,,,,,,,,,,,,,,,,,,,,,,,4,3,2,3,3,4,5,3,3,ข้าวมันไก่,อยากที่กรอกน้ำกระจายๆ กันหน่อย,,,,,,,,,,,,,,,,,,,,,,,,,,,,,,,,,,ไม่ใช่,,,,,,,,ใช่,"06.00 น.- 09.00 น., 18.00 น.- 21.00 น.",2 มื้่อ,ข้าวไข่เจียว,อยากทำ,ไม่มี,ไม่มี
4/14/2024 17:12:31,คณะวิทยาศาสตร์และเทคโนโลยี,ปี 2 (รหัส 65),ชาย,"6,000 - 9,000 บาท",หอพักนอก,"09.00 น. - 12.00 น., 12.00 น.- 15.00 น., 15.00 น. - 18.00 น., 18.00 น.- 21.00 น.",ไม่ใช่,,,,,,,,,,,,,,,,,,,,,,,,,,,,,,,,,,,,,,,,,,,,,,,,,,,,,,,,,,,,,,,,,,,,,,,,,,,,,,,,,,,,,,,,,,,,,,,ใช่,"09.00 น.- 12.00 น., 12.00 น.- 15.00 น., 15.00 น. - 18.00 น., 18.00 น.- 21.00 น.",3 มื้อ,ข้าวมันไก่ กะเพรา ไข่เจียว ,"ราคา, รสชาติ, ปริมาณอาหาร, ความหลากหลายของเมนู, ระยะทาง",80,ใกล้หอ กินตามเพื่อน ,ร้านบุฟเฟ่ ชาบู ,ไม่ใช่,,,,,,
4/14/2024 17:17:53,คณะวารสารศาสตร์และสื่อสารมวลชน,ปี 2 (รหัส 65),หญิง,"9,000 - 12,000 บาท",หอพักนอก,"06.00 น. - 09.00 น., 12.00 น.- 15.00 น., 18.00 น.- 21.00 น., 21.00 น. - 00.00 น.",ใช่,"06.00 น.- 09.00 น., 12.00 น.- 15.00 น.",2 มื้อ,ยำมาม่า,"โรงอาหาร JC, โรงอาหาร SC",50,"ราคา, รสชาติ, ความคุ้มค่า",,,,,,,,,,,,4,4,4,4,4,5,2,3,3,ยำมาม่า,คนเยอะ เพิ่มโต๊ะ,4,4,4,4,4,5,5,3,3,ข้าวมันไก่,ดีแล้ว,,,,,,,,,,,,,,,,,,,,,,,,,,,,,,,,,,,,,,,,,,,,,,,,,,,,,,,,ใช่,21.00 น.- 00.00 น.,1 มื้อ,เคบับ,รสชาติ,70,อยากกิน,อาหารชาติตะวันตก,ไม่ใช่,,,,,,
4/14/2024 17:29:56,คณะศิลปศาสตร์,ปี 3 (รหัส 64),หญิง,"9,000 - 12,000 บาท",หอพักนอก,"09.00 น. - 12.00 น., 12.00 น.- 15.00 น., 15.00 น. - 18.00 น., 18.00 น.- 21.00 น.",ใช่,12.00 น.- 15.00 น.,1 มื้อ,ข้าวมันไก่ ,"โรงอาหาร JC, โรงอาหาร SC",60,"ราคา, รสชาติ, ระยะทาง",4,4,3,4,2,3,3,2,3,ร้านก๋วยเตี๋ยว ,อยากให้แม่บ้านทำความสะอาดบ่อยกว่านี้ ,4,4,4,3,3,3,3,3,3,ร้านก๋วยเตี๋ยว ,อยากให้โต๊ะสะอาดกว่านี้ ,4,4,4,3,3,3,3,3,3,,,,,,,,,,,,,,,,,,,,,,,,,,,,,,,,,,,,,,,,,,,,,,,,,,,,,,,,,,ใช่,"12.00 น.- 15.00 น., 15.00 น. - 18.00 น., 18.00 น.- 21.00 น.",2 มื้่อ,หมูกะทะ ชาบู  ส้มตำ ,"รสชาติ, บรรยากาศ",150,ไปกินกับเพื่อน ,ร้านส้มตำ ร้นอาหารอีสาน อาหารใต้ ,ไม่ใช่,,,,,,
4/14/2024 17:36:07,คณะวิทยาศาสตร์และเทคโนโลยี,ปี 2 (รหัส 65),ชาย,"9,000 - 12,000 บาท",หอพักนอก,"06.00 น. - 09.00 น., 15.00 น. - 18.00 น., 18.00 น.- 21.00 น., 00.00 น.- 03.00 น.",ใช่,12.00 น.- 15.00 น.,1 มื้อ,ข้าวไข่เจียว,"โรงอาหาร Green canteen, โรงอาหารคณะวิทยาศาตร์",60,"รสชาติ, ความคุ้มค่า",4,4,5,4,4,3,4,5,4,ข้าวไข่เจียว,ติดแอร์,,,,,,,,,,,,,,,,,,,,,,,,,,,,,,,,,,3,3,2,3,3,5,5,3,3,ข้าวไข่เจียว,ดูเก่า,,,,,,,,,,,,,,,,,,,,,,,,,,,,,,,,,,ใช่,"06.00 น. - 09.00 น., 21.00 น.- 00.00 น.",2 มื้่อ,แฮมเบอร์เกอร์,รสชาติ,70,อยากกิน,McDonald,ไม่ใช่,,,,,,
4/14/2024 21:53:44,คณะศิลปศาสตร์,ปี 4 (รหัส 63),หญิง,"9,000 - 12,000 บาท",คอนโด,"12.00 น.- 15.00 น., 18.00 น.- 21.00 น.",ไม่ใช่,,,,,,,,,,,,,,,,,,,,,,,,,,,,,,,,,,,,,,,,,,,,,,,,,,,,,,,,,,,,,,,,,,,,,,,,,,,,,,,,,,,,,,,,,,,,,,,ใช่,"12.00 น.- 15.00 น., 18.00 น.- 21.00 น.",3 มื้อ,ข้าวหมูกรอบคั่วพริกเกลือ,"ราคา, รสชาติ",60,ระยะทางจากคอนโด,-,ไม่ใช่,,,,,,
4/14/2024 23:55:22,คณะวิทยาศาสตร์และเทคโนโลยี,ปี 4 (รหัส 63),หญิง,"9,000 - 12,000 บาท",บ้าน,"09.00 น. - 12.00 น., 12.00 น.- 15.00 น., 15.00 น. - 18.00 น., 18.00 น.- 21.00 น.",ใช่,12.00 น.- 15.00 น.,1 มื้อ,ข้าวแกง,โรงอาหารคณะวิทยาศาตร์,60,ระยะทาง,,,,,,,,,,,,,,,,,,,,,,,,,,,,,,,,,,,,,,,,,,,,,4,3,2,3,3,4,3,2,2,ร้านขายข้าวแกง ,เพิ่มความหลากหลายของร้านอาหาร ,,,,,,,,,,,,,,,,,,,,,,,,,,,,,,,,,,ใช่,"09.00 น.- 12.00 น., 15.00 น. - 18.00 น., 18.00 น.- 21.00 น.",2 มื้่อ,ข้าวเหนียวหมูปิ้ง ผัดซีอิ๊ว,"ราคา, รสชาติ",80,สะดวก ใกล้ทีพัก ,ตี๋น้อย ,ไม่ใช่,,,,,,
4/16/2024 1:30:14,คณะวิทยาศาสตร์และเทคโนโลยี,ปี 3 (รหัส 64),หญิง,"12,000 - 15,000 บาท",หอพักนอก,"09.00 น. - 12.00 น., 12.00 น.- 15.00 น., 15.00 น. - 18.00 น.",ใช่,"09.00 น. - 12.00 น., 12.00 น.- 15.00 น.",1 มื้อ,เบอร์เกอร์,โรงอาหารคณะวิทยาศาตร์,50,"ราคา, รสชาติ, ระยะทาง",,,,,,,,,,,,,,,,,,,,,,,,,,,,,,,,,,,,,,,,,,,,,4,4,1,3,3,4,4,2,2,ร้านเบอร์เกอร์,เพิ่มจุดเก็บจาน,,,,,,,,,,,,,,,,,,,,,,,,,,,,,,,,,,ใช่,"12.00 น.- 15.00 น., 15.00 น. - 18.00 น.",2 มื้่อ,ข้าวลาบ,"รสชาติ, ระยะทาง",80,สะดวก ใกล้ที่พัก,ตี๋น้อย,ไม่ใช่,,,,,,
4/16/2024 1:34:22,คณะวารสารศาสตร์และสื่อสารมวลชน,ปี 1 (รหัส 66),ชาย,"6,000 - 9,000 บาท",หอพักใน,"09.00 น. - 12.00 น., 12.00 น.- 15.00 น., 15.00 น. - 18.00 น., 18.00 น.- 21.00 น.",ใช่,"09.00 น. - 12.00 น., 12.00 น.- 15.00 น., 15.00 น.- 18.00 น., 18.00 น.- 21.00 น.",2 มื้อ,ชาบู ก๋วยเตี๋ยว ,"โรงอาหาร Green canteen, โรงอาหาร JC, โรงอาหาร SC",50,"ราคา, รสชาติ, ระยะทาง",4,4,3,4,2,3,2,4,4,,,5,5,4,4,2,4,4,2,2,,,4,4,4,4,2,4,4,3,4,,,,,,,,,,,,,,,,,,,,,,,,,,,,,,,,,,,,,,,,,,,,,,,,,,,,,,,,,,ใช่,"15.00 น. - 18.00 น., 18.00 น.- 21.00 น.",1 มื้อ,ข้าวมันไก่,"ราคา, รสชาติ, ระยะทาง",80,อร่อย ไปตามเพื่อน,ตี๋น้อย,ไม่ใช่,,,,,,
4/16/2024 1:51:20,คณะศิลปศาสตร์,ปี 1 (รหัส 66),หญิง,"6,000 - 9,000 บาท",หอพักใน,"09.00 น. - 12.00 น., 12.00 น.- 15.00 น., 15.00 น. - 18.00 น., 18.00 น.- 21.00 น.",ใช่,"09.00 น. - 12.00 น., 12.00 น.- 15.00 น., 15.00 น.- 18.00 น., 18.00 น.- 21.00 น.",3 มื้อ,ข้าวมันไก่ ก๋วยเตี๋ยว,"โรงอาหาร Green canteen, โรงอาหาร JC, โรงอาหาร SC",60,"ราคา, รสชาติ, ระยะทาง",4,3,3,4,2,4,4,3,2,,,5,5,5,5,1,4,3,4,1,,,5,5,5,5,3,3,2,3,3,,,,,,,,,,,,,,,,,,,,,,,,,,,,,,,,,,,,,,,,,,,,,,,,,,,,,,,,,,ไม่ใช่,,,,,,,,ไม่ใช่,,,,,,
4/16/2024 2:18:23,คณะวิทยาศาสตร์และเทคโนโลยี,ปี 3 (รหัส 64),เพศทางเลือก (LGBTQIA+),"9,000 - 12,000 บาท",หอพักนอก,"09.00 น. - 12.00 น., 12.00 น.- 15.00 น., 15.00 น. - 18.00 น., 18.00 น.- 21.00 น.",ไม่ใช่,,,,,,,,,,,,,,,,,,,,,,,,,,,,,,,,,,,,,,,,,,,,,,,,,,,,,,,,,,,,,,,,,,,,,,,,,,,,,,,,,,,,,,,,,,,,,,,ใช่,"09.00 น.- 12.00 น., 12.00 น.- 15.00 น., 15.00 น. - 18.00 น., 18.00 น.- 21.00 น.",3 มื้อ,ข้าวเหนียวหมูปิ้ง อาหารตามสั่ง,"ราคา, รสชาติ, ระยะทาง",100,สะดวก ใกล้หอ อร่อย,ร้านอาหารใต้อร่อยๆ,ไม่ใช่,,,,,,
4/16/2024 3:17:31,คณะรัฐศาสตร์,ปี 1 (รหัส 66),ชาย,"6,000 - 9,000 บาท",หอพักนอก,"09.00 น. - 12.00 น., 12.00 น.- 15.00 น., 15.00 น. - 18.00 น., 18.00 น.- 21.00 น.",ไม่ใช่,,,,,,,,,,,,,,,,,,,,,,,,,,,,,,,,,,,,,,,,,,,,,,,,,,,,,,,,,,,,,,,,,,,,,,,,,,,,,,,,,,,,,,,,,,,,,,,ใช่,"09.00 น.- 12.00 น., 12.00 น.- 15.00 น., 15.00 น. - 18.00 น., 18.00 น.- 21.00 น., 21.00 น.- 00.00 น.",3 มื้อ,สเต็ก คะน้าหมูกรอบ ,"ราคา, รสชาติ, ระยะทาง",100,ใกล้หอพัก รสชาติดี ,ร้านสเต็กลุงหนวด ,ไม่ใช่,,,,,,
4/16/2024 3:18:39,คณะเศรษฐศาสตร์,ปี 2 (รหัส 65),หญิง,"12,000 - 15,000 บาท",หอพักใน,"09.00 น. - 12.00 น., 12.00 น.- 15.00 น., 15.00 น. - 18.00 น.",ใช่,"09.00 น. - 12.00 น., 12.00 น.- 15.00 น., 15.00 น.- 18.00 น.",3 มื้อ,ก๋วยเตี๋ยว ข้าวไข่เจียว ,"โรงอาหาร Green canteen, โรงอาหาร SC",ุ60 ,"ราคา, รสชาติ, ความคุ้มค่า, ระยะทาง",5,5,5,5,5,5,5,5,5,,,,,,,,,,,,,,,,,,,,,,,,,,,,,,,,,,,,,,,,,,,,,,,,,,,,,,,,,,,,,,,,,,,,,,,,,,,,,,,,ไม่ใช่,,,,,,,,ไม่ใช่,,,,,,
4/16/2024 11:47:45,คณะวิทยาศาสตร์และเทคโนโลยี,ปี 2 (รหัส 65),ชาย,"6,000 - 9,000 บาท",หอพักนอก,"09.00 น. - 12.00 น., 12.00 น.- 15.00 น., 15.00 น. - 18.00 น., 18.00 น.- 21.00 น., 21.00 น. - 00.00 น.",ใช่,"09.00 น. - 12.00 น., 12.00 น.- 15.00 น., 15.00 น.- 18.00 น.",1 มื้อ,ข้าวไก่ต้มน้ำปลา ข้าวราดแกง,"โรงอาหาร Green canteen, โรงอาหารคณะวิทยาศาตร์",60,"ราคา, รสชาติ, ระยะทาง",5,5,3,3,1,3,4,2,2,ร้านข้าวมันไก่,เพิ่มพนักงานทำความสะอาด ,,,,,,,,,,,,,,,,,,,,,,,,,,,,,,,,,,3,3,5,3,4,3,3,2,2,ร้านข้าวแกง ,เพิ่มความหลากหลายของร้านอาหาร ,,,,,,,,,,,,,,,,,,,,,,,,,,,,,,,,,,ใช่,"09.00 น.- 12.00 น., 12.00 น.- 15.00 น., 15.00 น. - 18.00 น., 18.00 น.- 21.00 น.",2 มื้่อ,ข้าวมันไก่ กะเพรา ยำมาม่า ,"ราคา, รสชาติ, ระยะทาง",80,อร่อย ราคาไม่แพง ใกล้หอ ,sushiro mcdonald ตี๋น้อย ,ไม่ใช่,,,,,,